inventory_item_id,sku,inventory_item_name,inventory_item_menu_category,inventory_item_size,inventory_item_price,inventory_item_par,inventory_item_container_id
1,265414952-8,NqPCWd,Dinner,3XL,1.7,3.4,13
2,854421802-4,mbkOon,Dinner,S,2.65,9.1,7
3,896047903-9,fc9fTdo,Dinner,XL,13.04,7.2,7
4,713962511-5,2y61jp3,TOGO,2XL,15.37,2.9,13
5,540053714-6,ZOvDkmowVhm,Bar,3XL,6.17,6.9,11
6,040326936-9,TtJwhQ,Bar,S,14.48,8.3,14
7,142389005-1,rtUqe82t0YV,TOGO,XL,9.95,4.4,12
8,212126187-7,ckIX4ggd,Apps,S,18.04,6.7,2
9,763791116-0,M6kc4hQ,Dinner,S,13.36,3.7,2
10,272489681-5,7H2ZK7mu,Dinner,S,8.15,7.0,5
11,657603817-8,DRuMj2F0,Bar,XS,11.2,7.4,6
12,477972620-4,xyJLu9fYd,Dinner,XL,15.91,8.8,10
13,002945645-2,VLfM7rNx1,Bar,XL,14.56,6.5,13
14,154559609-3,VS27M7td0P,Apps,3XL,2.93,4.5,10
15,086429834-X,klS6FCpG3rEx,Dinner,XL,11.13,8.3,14
16,997301904-0,beoT6uG4E,TOGO,L,16.79,9.2,7
17,758745505-1,GpByaIQ,Dinner,M,8.56,4.3,16
18,292128530-4,XpBmtguxHed,Bar,M,2.99,6.9,16
19,711655820-9,pDhD215DnotC,Apps,S,15.34,5.9,11
20,696309535-3,qYraKI7OP,TOGO,XS,11.92,9.3,1
21,568570843-2,eZCFpUxqiK,Dinner,S,15.25,7.8,13
22,002495059-9,T6qWBp2,Dinner,XS,2.1,3.1,19
23,497349492-5,LBCHDool6v,Apps,XS,17.01,8.9,5
24,701957226-X,2szVbnaHBcu,TOGO,M,1.67,5.5,18
25,167106937-4,OJPDWC9feqvb,TOGO,XL,8.22,6.3,12
26,382889620-0,0Ur4xvkw2,Dinner,M,13.39,3.9,7
27,019723754-1,jHQz6Lx6XhO,Bar,XL,19.23,6.1,16
28,626126909-2,Z9nIPv5Z0J,Bar,L,19.21,4.5,8
29,683073669-2,av2s38p71Q,Dinner,2XL,19.22,8.0,11
30,279006194-7,ophbXI6lbBUL,Apps,S,7.9,9.1,15
31,555966122-8,RaGCsrl,TOGO,XS,11.84,4.6,7
32,209255766-1,IJ5cRL,Dinner,3XL,11.68,2.7,5
33,499492061-3,FWxywRwWgOl,Bar,L,2.68,1.9,3
34,727834142-6,Svb8FQj,Dinner,2XL,18.82,2.3,4
35,317630973-2,iAom83oeQ,TOGO,M,6.27,4.4,6
36,063841525-X,1ipe19hHfEle,Dinner,XS,15.84,4.5,18
37,245286279-7,9ilUIY,TOGO,XL,16.03,3.3,18
38,190459202-3,eyyO5V0X,TOGO,S,18.21,8.2,9
39,569018008-4,0ZJDRMsQK0,TOGO,3XL,8.8,3.5,11
40,867203897-5,DlQWX5YaKu3g,Dinner,L,3.82,10.0,6
41,202741821-0,HFNFcU,TOGO,M,1.3,1.2,9
42,982424988-5,C93Hw4b9aj2,Bar,XS,18.73,2.6,16
43,592701861-0,Lql8FLVg,Dinner,2XL,10.13,1.2,10
44,040014906-0,kPhP3VZ,TOGO,L,3.95,5.7,18
45,596470261-9,6L8iCywlT6,TOGO,S,8.89,8.0,17
46,366790390-1,NKGYIshM,TOGO,XL,6.07,1.8,10
47,548787145-0,GOFGJooeOt,Bar,L,8.8,2.8,1
48,910370372-X,0pEWKSP,Dinner,S,10.61,1.9,10
49,208488258-3,WD2VSBK839,TOGO,2XL,8.23,4.4,16
50,476342985-X,uiWR5UiK6gv,Apps,L,18.67,6.5,5
51,411070232-1,I14LQXEog,Apps,L,10.52,2.3,19
52,768990637-0,fA5MpGE,Bar,M,4.51,3.7,20
53,685646988-8,UlO3kWN,TOGO,XS,7.83,9.6,15
54,403096499-0,B6J6r88Lfr5,TOGO,M,13.69,7.4,8
55,138645145-2,rtVLaF2q3Rs,Dinner,2XL,11.76,2.9,15
56,556067027-8,97GZgo,Bar,XL,14.24,5.4,1
57,755073473-9,pX3VtrBN,Apps,XS,13.49,9.4,13
58,408046544-0,XX8Yi2MdQ,Bar,XS,4.54,3.8,6
59,750590487-6,Hl6bk0Y,TOGO,S,12.57,2.1,15
60,174254003-1,KSjDOc8Xq,Apps,L,15.92,2.1,12
61,517660660-7,v3wN0IfI9UDF,TOGO,XL,8.19,5.8,7
62,147949953-6,YhZGKzHB8Up,TOGO,3XL,2.88,2.5,12
63,280748512-X,DHiObiR3nu,Apps,XS,18.68,1.8,11
64,978940505-7,Ddu7xQIPSyJ7,Bar,L,14.47,8.4,20
65,747613208-4,gCoI6sb,Bar,XL,7.7,7.3,13
66,432853666-4,7St6lnUk9dZ,TOGO,XS,18.8,7.0,9
67,730545493-1,VEyYRjbH,Bar,2XL,1.25,6.3,16
68,135606531-7,8MjSvZFMP33,Dinner,2XL,10.91,1.0,3
69,310657036-9,UM9PkKQWb,Dinner,3XL,12.34,6.3,14
70,448863357-9,JLdTllw,Bar,M,7.41,8.3,19
71,107675489-9,BMHAnfg,Dinner,3XL,4.15,4.1,16
72,378083511-8,9Pyqi7ANZ,Apps,3XL,1.4,4.9,1
73,320280956-3,4n3rJTly,Apps,L,3.17,6.6,13
74,239579349-3,8ne9Jtuu,Bar,3XL,15.45,9.8,4
75,040776933-1,fHzUxFs,Bar,L,3.94,5.8,6
76,703160801-5,yGsS3ukM8,Dinner,XL,14.87,3.5,20
77,713805795-4,dDIQCn,TOGO,M,19.9,1.9,20
78,021117526-9,UL7R3zMLFK,TOGO,XS,5.45,4.1,10
79,017462853-6,udm5bA7PO,Dinner,XL,18.54,7.8,7
80,498636687-4,EF0zNAQFvUM,TOGO,L,10.47,5.9,11
81,935222972-X,1oek4Wd,TOGO,L,17.55,5.5,6
82,285643655-2,LICimA7G,Bar,XS,12.67,3.5,10
83,427899780-9,NNdGPxdxd2L,Dinner,XL,10.29,5.7,12
84,492556082-4,DTtRFpePTnuj,Dinner,S,14.56,7.9,5
85,703050627-8,MeyoNFbOz,Apps,2XL,5.98,8.5,16
86,955775471-0,75YjcLCy2,Dinner,2XL,6.88,9.2,13
87,321482017-6,jN1z2zb,TOGO,S,14.14,8.6,12
88,702739847-8,8DNUVy6k,TOGO,XL,13.97,3.1,3
89,784185131-6,zxBrgydS,TOGO,XS,3.53,2.0,2
90,899304186-5,MjDISZ,Dinner,L,5.0,2.3,7
91,349902583-3,dasv2uu8K,Dinner,3XL,4.74,1.1,19
92,311886000-6,7qeyX3Cw,Bar,XS,7.17,9.9,5
93,966511338-0,TgjNwA,Apps,S,17.44,6.7,13
94,179425230-4,CVdQNdVc,Apps,2XL,18.03,6.4,8
95,853212847-5,FCbj8Bo,Bar,S,16.07,3.7,13
96,819085907-2,ND74JCH,Apps,2XL,6.88,4.0,2
97,473176063-1,KDAVGkNNg,Bar,XL,12.05,2.2,13
98,237334734-2,2q0d8PSQ,Apps,2XL,6.89,7.3,4
99,657120477-0,yZOTBIuwNY85,Dinner,XL,16.54,7.3,10
100,037147327-6,VIdp55c2,Bar,3XL,9.74,1.9,9
101,255443496-4,9o2BAi3iYThN,TOGO,XL,15.43,3.7,3
102,387871272-3,O0VWilBDsGu,Dinner,M,3.67,1.9,20
103,746701902-5,bmKqGjWc,Dinner,XL,8.0,7.3,10
104,607951906-2,TW3LJmXc,Bar,XL,1.29,2.5,6
105,461640190-X,hkk7u1enf,TOGO,S,9.24,2.1,2
106,365765398-8,KTHqpkxU4bjw,Dinner,XL,3.39,9.9,10
107,270887768-2,bymc83l7V9s,TOGO,2XL,4.64,2.4,3
108,097855202-4,JfNxq13,Dinner,L,4.41,5.1,6
109,071254550-6,7CCesuJX,Bar,3XL,15.76,9.4,4
110,464005677-X,dxRthlxwxDdg,Bar,L,6.93,2.2,1
111,887941092-X,tQl5efw9wN,TOGO,3XL,6.4,8.1,17
112,512056766-5,zCCmPVxr6,Bar,3XL,19.49,5.5,14
113,910340534-6,QtxaxVjeyFc,Dinner,S,13.3,4.4,1
114,310505275-5,jJ5kIUVUpLgp,Apps,2XL,18.88,4.1,19
115,890305818-6,nsLlDf2DAmTZ,Apps,M,11.03,1.6,5
116,971794699-X,252ZmsYXiISA,Dinner,S,16.88,4.5,6
117,564341819-3,ihszwPrICD0,Dinner,XL,11.02,9.2,7
118,272601227-2,DM1ftNcDaA7,TOGO,XS,2.82,6.2,19
119,326857950-7,sQPVae8ZmgT,TOGO,2XL,11.26,2.2,13
120,234524461-5,eco6884,Bar,L,3.6,4.1,9
121,396556097-2,kCU23k,Apps,2XL,5.47,2.2,17
122,221952381-0,HqFSJVX1MAml,Dinner,XL,14.08,9.6,16
123,464513645-3,wSuftPUa,TOGO,2XL,17.59,7.6,16
124,838460868-7,IXAQVIrbWQQ,Apps,XS,2.34,5.5,14
125,688004844-7,Uc35SavS,Dinner,XL,13.06,8.1,2
126,129354608-9,4DIGrVr,Dinner,2XL,18.74,7.3,9
127,323315048-2,GniJHu9,TOGO,XL,15.62,2.5,6
128,812399097-9,Gb52F5FY,Bar,XL,5.79,8.5,10
129,603560170-7,merUqkzk,Apps,S,16.79,9.0,12
130,435278365-X,dKVdp4Halvmq,TOGO,S,12.17,2.2,5
131,989763211-5,G0K3BAj5h,TOGO,L,1.01,3.7,6
132,090931479-9,NWjxrMt3P8,Apps,XL,4.67,1.5,8
133,250330956-9,A8t6yybjsVW,Dinner,S,10.27,5.2,2
134,656031025-6,n59691odHv,Apps,L,17.23,7.6,15
135,055086723-6,rP6zXUewxRkF,Bar,L,2.89,1.9,11
136,717137508-0,e6DtQIP,Dinner,S,10.86,6.5,9
137,286931377-2,XaTR9Sy,Bar,XL,2.35,5.0,11
138,140230387-4,dwcBiw,Apps,3XL,5.86,8.0,2
139,016555526-2,QO8IKfO,Apps,2XL,17.0,1.3,7
140,656162834-9,Emdx7Gr,Apps,XS,1.58,5.8,11
141,038225937-8,HPm8hovQN5,Bar,L,14.71,8.3,15
142,586665250-1,CxA23j3r,Bar,L,15.93,9.5,20
143,500011774-3,nWZNXdDMU,TOGO,XS,10.69,3.3,15
144,280642482-8,BuN5UJQd89i1,Bar,S,16.55,6.0,13
145,719898319-7,8peNPyRV,TOGO,M,13.05,1.1,9
146,282904800-8,k90gLsgDSPg,Bar,S,2.45,7.6,20
147,898592475-3,SWvdIWqc,Dinner,XL,17.69,2.6,13
148,938461495-5,bmXkE97BNn0U,TOGO,3XL,8.5,5.2,16
149,579919280-X,XN6jUCg0h,Apps,2XL,3.89,6.7,13
150,023209993-6,VEvk7pUo,Apps,2XL,1.91,1.3,9
151,154007250-9,MB0Yn02FKifc,Dinner,XS,3.46,7.6,2
152,154824584-4,NTTsAjWhpP51,TOGO,L,6.0,6.8,12
153,389652618-9,NNs2NWG8eH,TOGO,XS,19.3,2.9,8
154,529555464-3,eIsWHf31DUDG,TOGO,S,19.62,4.4,3
155,435982706-7,DXLVZgLw,TOGO,XS,14.61,7.4,16
156,684438180-8,t3Mgfw,TOGO,M,12.68,5.1,10
157,594844603-4,BZjxIxnfK,Apps,3XL,17.02,7.9,4
158,716381810-6,LQSQFkguFWTr,TOGO,S,12.23,8.3,19
159,545291590-7,LaeYfZpm,Apps,2XL,6.85,3.6,4
160,979988201-X,NmBef9,TOGO,M,7.12,6.3,2
161,278957004-3,iHYaZtF5,Apps,XL,1.58,3.2,12
162,598938904-3,PGuPywSBKeXQ,Dinner,3XL,18.24,8.0,1
163,879977796-7,EiimrYt,TOGO,M,8.1,1.9,14
164,713596288-5,YHHsxy,Apps,L,11.39,2.6,3
165,834352183-8,W66h5lc7T,Dinner,XS,1.47,3.9,13
166,268292906-0,kH7wRskvWOv,TOGO,L,17.57,8.3,20
167,460210096-1,mcheadcl,Dinner,S,4.95,8.5,1
168,587113891-8,KyYJoFnkQDe,Bar,3XL,2.75,6.9,17
169,271345750-5,YFTeaRUjug,Apps,3XL,11.38,2.5,20
170,168094160-7,ki28Tq3JElbO,Apps,XL,15.45,7.2,10
171,190138946-4,kSJjwiyT,Apps,2XL,1.98,8.1,8
172,755318207-9,nPWNGRCcag2,Apps,M,16.94,2.8,10
173,439856454-3,9DFxgAxe,Apps,XS,12.94,1.1,12
174,699463838-3,E5dbQ3Kon5V,TOGO,S,19.85,3.2,15
175,172838813-9,RKSJ4yc,TOGO,2XL,17.58,7.2,16
176,305958264-5,yaYJE59,Bar,L,5.73,5.8,15
177,492492733-3,rGiL5FMNUZFq,Bar,2XL,6.34,3.1,13
178,582247042-4,WALbZbrCc,Bar,M,5.89,4.4,14
179,483101660-8,twybOd,Apps,XS,16.47,1.6,19
180,954244511-3,FklJ64FB,Dinner,3XL,17.04,4.8,3
181,000410673-3,OGw1gJv,TOGO,XL,18.64,8.6,10
182,237198136-2,TvHhKu8wf,Bar,L,4.57,4.8,15
183,007358181-X,X0EL5R,Apps,L,14.56,6.0,5
184,954071021-9,TyjkPlNnG5,Bar,S,18.12,9.8,11
185,027501871-7,7Nl6exxUp3hi,Apps,3XL,9.92,8.7,7
186,200376161-6,HF15m0NOS0,Dinner,L,14.17,7.6,16
187,405898222-5,LNUXv8ieo,Dinner,M,8.14,6.6,20
188,214273762-5,ParLAPS,TOGO,2XL,15.02,4.4,14
189,663184774-5,wm3IVe9Efo,TOGO,XL,7.99,1.5,2
190,797814317-1,qD9Et5E,Bar,3XL,10.33,9.8,2
191,043535905-3,cuOvvRZxnst,Dinner,XS,14.29,9.2,8
192,323270553-7,o77HC3I,Bar,XL,4.2,5.3,19
193,189180446-4,gkmzFv9eCF8,Dinner,XL,8.13,8.7,14
194,437712243-6,6AVQYACn,TOGO,2XL,2.18,6.8,10
195,282683708-7,Z35zq2l,TOGO,3XL,1.74,6.9,14
196,928702706-4,nTlWfR3FS,Dinner,2XL,3.52,3.0,16
197,882570547-6,6naLfGKqga,Bar,XL,12.25,5.6,7
198,395889578-6,uXPddKl1V,Bar,XS,1.8,4.7,4
199,259079122-4,fkakyi2WmMa,Dinner,XS,9.5,2.1,3
200,901851812-3,QSM1nb,Dinner,L,7.44,9.9,13
201,638086006-1,P39kADXQ,TOGO,S,4.22,5.9,13
202,275718580-2,c8j6jW8Kks,Bar,2XL,7.45,7.0,10
203,805435101-1,ObWnTwABpn7,Dinner,S,10.52,5.7,5
204,695444336-0,yi2Llm5VYfCq,Apps,S,13.24,4.6,18
205,871648456-8,cYyZNS3,Dinner,2XL,3.27,8.5,20
206,122753366-7,UZWYx1,Apps,2XL,12.49,3.5,8
207,886915340-1,48zZMDjG6,TOGO,2XL,19.62,4.9,3
208,165124573-8,p20BRk,TOGO,3XL,10.82,8.3,20
209,176084873-5,wlg2T3,TOGO,L,6.65,7.3,8
210,583517756-9,83uT1Jzep,Dinner,XL,3.83,9.0,5
211,806492466-9,DKU9iIkVgbnj,TOGO,XS,17.35,7.5,3
212,987060771-3,PGNL6Vp,Bar,2XL,18.1,7.4,16
213,059467917-6,fbXPahUKRlWJ,Bar,L,11.43,9.4,8
214,864418907-7,E0fKLpgvOU,TOGO,3XL,18.11,10.0,11
215,070828623-2,0GxomcX0M,Bar,2XL,19.46,5.7,6
216,413764969-3,abJNkgHu,Apps,2XL,17.84,1.7,5
217,859374166-5,HiyyguT,Dinner,2XL,7.83,8.4,9
218,037309092-7,yxjrCFY6P5ki,Apps,XL,17.8,6.6,6
219,401838851-9,iBzJhv,Dinner,S,4.13,7.3,5
220,722931728-2,VKKcmd6szu,Dinner,S,12.8,3.8,11
221,860175491-0,8jeKaHU,TOGO,2XL,4.55,1.5,18
222,550933716-8,pyf1Zopr,Dinner,L,19.5,3.8,18
223,440060481-0,HiwnVD4tr,Bar,L,8.98,8.2,3
224,128577580-5,xhii1vxYht,Apps,XS,10.8,5.6,7
225,868272364-6,KU5ZHf,TOGO,L,2.11,5.3,2
226,473286490-2,fLYCMVCY3,Dinner,XS,5.75,3.2,17
227,968942262-6,8N95BB,Bar,L,19.46,5.6,13
228,140823806-3,BDVjB4sEj,Dinner,L,15.36,1.0,20
229,671740755-7,BFdiS3uWx,Apps,L,3.28,3.9,2
230,440996824-6,hlNFsqaBUNgW,Dinner,XS,17.19,8.9,9
231,836175198-X,f8SpE8Qh,Dinner,3XL,10.74,2.0,1
232,899308944-2,hGqgcvvVt,Bar,S,15.64,5.0,1
233,952340676-0,Pqn3HQI4W2A,Bar,M,10.26,7.5,4
234,765833774-9,W0GJ0lvT,TOGO,2XL,6.45,4.6,20
235,067482029-0,4frkqq4S,Apps,3XL,18.82,3.3,8
236,083159906-5,yqHo7p37,TOGO,3XL,19.29,3.3,9
237,675986124-8,WCmx7xgR,Bar,S,9.18,2.2,20
238,324642363-6,6ShUSoht6b3N,Apps,2XL,12.26,7.7,13
239,222658764-0,JhM6sWM,TOGO,2XL,15.68,2.5,18
240,861702719-3,pwAHKHui0t,Bar,2XL,6.47,4.0,16
241,825777702-1,RhMZdb,Apps,L,2.79,8.3,19
242,356559583-3,4ZwHbyLX6WK,Apps,3XL,19.39,1.1,5
243,794027317-5,xeQHsGh6VV,Bar,M,12.89,7.2,5
244,052850141-0,mNVJ0EOKlVW,TOGO,XL,8.05,9.5,19
245,210645509-7,ePcyLhc,Dinner,XL,18.26,7.4,10
246,472103610-8,xCujmw69a4s,Apps,S,13.9,2.6,8
247,187498834-X,YPSqYMa,TOGO,XL,4.95,4.8,5
248,145276657-6,2SwkjSUw,TOGO,XL,18.86,4.7,1
249,611740974-5,TavU7Cfpds,Bar,M,16.7,2.4,20
250,013550232-2,SmahJSGtas,Dinner,S,15.48,9.8,18
251,292965846-0,RpnXl9WK,Bar,3XL,19.41,2.5,13
252,429926241-7,zlXHkuAiq6D,TOGO,XS,10.54,1.9,20
253,181936331-7,OpBIIn3jK,Apps,L,17.68,8.0,9
254,489596556-2,lDqHukIPhQCe,Bar,S,6.7,4.9,1
255,551950598-5,j9GYuTwCc,Bar,M,7.76,8.2,16
256,312553833-5,2iecUbyC2,Dinner,XL,18.91,7.5,7
257,861492424-0,IEs8OB1f,Bar,XL,4.59,4.6,20
258,218330612-2,q2bK7TOkj,Dinner,XS,9.17,1.6,16
259,599494691-5,HDe10uufZV,Dinner,M,1.73,8.2,8
260,210998193-8,Qco6UvkW1,TOGO,2XL,5.11,6.2,18
261,693885958-2,98ZiIrmscKKj,Apps,XL,12.01,3.0,13
262,311083654-8,sOXrG8MVs,Dinner,S,1.24,2.4,20
263,163957632-0,cIdVP62,TOGO,M,17.93,6.3,18
264,385533861-2,VAcBKTaqSO,Bar,2XL,16.59,6.6,9
265,397482702-1,d3wUkO,Bar,XL,16.6,5.7,3
266,602566896-5,rerX3Q6f,Dinner,M,2.24,3.1,20
267,549166274-7,hljQKl,Bar,XL,15.55,1.6,14
268,574589650-7,WbkqFInELj,Dinner,XS,10.38,9.3,11
269,890749148-8,fNX4hV,TOGO,M,3.36,9.1,18
270,106890810-6,3ChVnSILr,Dinner,L,18.34,6.0,12
271,222930808-4,sPSBpJusDh,TOGO,L,18.48,1.9,10
272,062564964-8,YGBOwXnjj,TOGO,S,5.22,6.8,7
273,113137901-2,mSentSstF4Qv,TOGO,3XL,11.16,3.9,13
274,077165866-4,xeeZlF,Bar,L,1.73,5.1,8
275,858124794-6,8J9hB8Yi8E,TOGO,M,3.65,3.7,18
276,173065713-3,ghhpeAP,Bar,XL,3.31,2.9,19
277,238640689-X,FLBWSR9D9x,Bar,XS,2.51,8.6,7
278,236705545-9,fWTduKdc,Dinner,XS,1.41,5.3,12
279,643284856-3,wnfVbWUd,Dinner,XS,19.15,8.9,12
280,679538054-8,rpp91zaZ,Apps,M,9.73,7.4,2
281,867977623-8,O398WNzLLLc,Apps,L,6.93,4.4,15
282,519351982-2,HZCFRzDK,Dinner,S,8.02,5.5,10
283,082000617-3,0cmz3E,Apps,S,15.39,7.3,16
284,081108424-8,zQCzndC6,TOGO,3XL,17.59,2.5,14
285,003640372-5,xUmDph,Dinner,XS,7.13,6.3,8
286,721711560-4,NN3mbvcMRp,Apps,L,5.19,8.7,18
287,005090688-7,hbo8xP3,Bar,3XL,12.71,7.6,2
288,162405818-3,3wvj9qb,TOGO,2XL,6.79,1.7,10
289,750934923-0,JHghYIu,TOGO,XL,2.53,4.8,1
290,242409899-9,fjNO7ZJCZ,Apps,M,19.79,4.3,1
291,655681965-4,9ArQpl,Apps,2XL,10.55,9.9,13
292,054286377-4,NNTxcvmxcP,Bar,L,3.21,6.2,17
293,182969946-6,91J2f3ggyH3,Dinner,3XL,10.47,3.7,1
294,454766760-8,IJr5As7qfX,TOGO,XS,6.89,7.3,4
295,700949593-9,HmGOgfyIGEZ,TOGO,M,7.6,6.6,11
296,706943701-3,p7udtaNI6eRY,Bar,XL,11.38,1.9,7
297,325436701-4,E2cWeyZUmH3n,Bar,2XL,12.35,6.5,20
298,414438306-7,imzMWwNfDt,Bar,S,12.15,5.4,5
299,712193069-2,qmx11S,Dinner,M,5.25,2.1,16
300,507621688-2,jes9Hn1waVsg,TOGO,L,17.31,6.8,11
301,329568620-3,FQ7Uuhg,Bar,S,18.43,6.2,12
302,946800060-5,ZcT6snMBEkc,Apps,2XL,7.49,2.0,18
303,459333779-8,uekjsUf,TOGO,S,19.0,3.2,4
304,408342016-2,ZXjG1w5,Bar,3XL,6.48,6.6,20
305,868960405-7,ZCuTwfe,Bar,XS,5.3,1.8,3
306,464057052-X,c33IK433l,TOGO,L,1.58,7.7,10
307,987289566-X,a5IY8nE,Dinner,3XL,7.42,4.6,18
308,803024119-4,BOa4xTm,Bar,S,14.07,4.5,13
309,888223721-4,DXUkQInxi,Apps,3XL,18.64,8.7,8
310,910613013-5,wpQ6FTT,TOGO,S,16.83,1.9,4
311,374519235-4,lag6a2,TOGO,2XL,13.06,7.5,9
312,221964316-6,16Ri9aTcSXf,TOGO,XS,13.01,8.7,20
313,589922052-X,3vnSf5zfW,Apps,3XL,5.12,7.9,4
314,581153265-2,nKhhb7Q,Bar,3XL,3.39,3.8,17
315,938342849-X,7uoca1fqgF,Bar,S,2.81,8.1,5
316,715545014-6,QFqVkXCl,TOGO,L,11.0,3.9,4
317,650093246-3,oWJsvk2,TOGO,3XL,6.68,7.5,8
318,677636668-3,jhEftbfrnfa,TOGO,S,10.67,5.7,4
319,414142882-5,BuRQe5u,TOGO,3XL,9.05,6.2,5
320,671524672-6,Jdkn2tAH6N,Bar,L,11.73,5.9,4
321,528636125-0,WPndMH,Dinner,3XL,17.26,5.6,14
322,362973413-8,RHHB4DYw4,Apps,S,18.52,6.9,2
323,910342447-2,1Rz7YFaVF,TOGO,M,18.26,4.2,20
324,256434178-0,hf1m5ha,Bar,XL,3.15,9.6,8
325,621894857-9,KW0K4oBfC,Apps,XS,8.71,4.6,16
326,448955182-7,pXqItd,Bar,S,16.47,2.6,6
327,879756802-3,R0xLIFPu,Bar,3XL,5.09,9.2,18
328,092856147-X,0ZKdHu6pLn0,TOGO,XL,9.06,9.7,1
329,084734324-3,yLD25f,Dinner,XL,10.85,4.3,6
330,750086799-9,umgHBk,Bar,S,7.92,9.3,2
331,946691412-X,TfM5E70,Bar,XS,9.19,9.4,14
332,435169132-8,e4eitfD8ohtX,Apps,3XL,17.93,5.7,13
333,805308527-X,05gp4Lnqf,Apps,L,6.66,6.5,3
334,884236301-4,6rzvd8D8,TOGO,M,18.11,8.0,1
335,736994524-3,gcFxWxfCr,Apps,S,5.6,5.0,19
336,112387438-7,G0JeDKvwwom,Apps,2XL,15.29,1.4,19
337,143832968-7,60selgP0MW,Bar,3XL,18.98,6.2,12
338,397747544-4,cE7r9ZKcMzN,Apps,3XL,5.43,7.1,7
339,843818654-8,qSIH2pbi1vwN,TOGO,M,3.45,1.3,14
340,522855446-7,BHoVtSVni,Bar,2XL,15.49,4.3,12
341,083666081-1,wnpZcFD01UQw,Bar,L,5.0,4.7,4
342,436975088-1,QvdMUeFIVm,Dinner,M,14.12,4.3,12
343,112968701-5,FSLF1YIFu7,Apps,S,13.55,3.8,1
344,115003045-3,a1qJDNAtv,TOGO,XS,9.19,9.1,20
345,210852525-4,SOQ8g6Bv,Bar,2XL,4.98,3.2,9
346,629172352-2,36pzcQHWe,TOGO,XS,3.81,3.4,12
347,548533348-6,razZDa,TOGO,XS,17.2,2.2,12
348,070766848-4,NR3aFk,Apps,XL,18.91,8.6,4
349,619324900-1,wEOTDt2KyF,Dinner,XS,3.15,3.5,1
350,911558005-9,Umnn4TEX,Dinner,2XL,14.86,9.0,2
351,433419398-6,JZoUWiS5Zc,TOGO,M,14.43,8.7,20
352,915750529-2,Bp3Af8Wyw,Bar,L,8.87,6.1,14
353,079958063-5,hl4KtoT656SR,TOGO,L,15.01,3.9,20
354,014252009-8,ApZiiyBw3kzX,TOGO,S,5.07,1.3,20
355,642867085-2,BMtlgdxvPS,Bar,XL,1.85,7.9,4
356,355669649-5,WQyeDgp,Apps,L,17.92,7.1,7
357,160259375-2,1ChVg2ma5,Dinner,2XL,13.27,9.4,12
358,195853145-6,PrJNzs44,Apps,XL,10.02,2.8,5
359,655022640-6,4OwdpjurPta,Dinner,3XL,8.24,7.7,3
360,512933563-5,8CNkxZMY0CI,Bar,XS,3.74,6.0,12
361,673326101-4,ij22QsPnYMIq,Dinner,3XL,18.56,9.8,12
362,218910689-3,nEu5wNyLbyP,Bar,3XL,18.65,3.0,17
363,724942198-0,nDo0q3nBMo,Apps,2XL,18.47,5.9,4
364,224947791-4,ROF5diDs9CX,Bar,M,7.83,1.5,12
365,312674456-7,JzPqMG,Apps,M,5.67,3.5,2
366,311384948-9,BU4jkd,TOGO,3XL,18.52,7.9,18
367,570392832-X,iaDLZ1wpBTyr,Dinner,3XL,7.0,7.4,2
368,391989593-2,gfpiOHCa,Dinner,XL,18.02,7.5,2
369,438165573-7,3hYJ1cnb4,Dinner,2XL,9.72,7.0,11
370,441467658-4,gXW1ahOaJISX,Dinner,S,6.67,2.3,2
371,524232323-X,K8DUblARW,Bar,XS,2.71,9.7,9
372,636193446-2,1LfCZUL2pfkt,TOGO,XL,8.67,2.0,1
373,791135789-7,k9Pqbmj,Bar,2XL,10.5,3.0,18
374,677858063-1,Fj1sLaj2i,Dinner,XL,4.04,4.6,1
375,463046624-X,kmyRIkIm9J,Bar,S,13.61,7.7,18
376,691939101-5,94RqJ4wNVrrD,TOGO,2XL,7.39,8.9,13
377,184328465-0,Vhsa5y4ee,Apps,XL,3.15,9.5,13
378,549286717-2,LBywNtppHKjl,TOGO,S,15.91,5.8,19
379,312948562-7,HkzibdM1zP,TOGO,M,6.64,6.2,2
380,187761464-5,9oyK7UQQGl,Dinner,XS,11.1,6.7,9
381,215221419-6,XzyAQSO,Bar,XS,7.22,5.3,17
382,611776298-4,bOwKgF,Apps,M,19.41,4.1,7
383,325097729-2,zYsNk8Pd2HQ,Apps,S,15.02,9.8,19
384,601057211-8,TH42d6cTIF3s,Dinner,XS,5.72,5.1,14
385,371943843-0,qOpWeefcXn7N,Bar,XS,1.2,1.6,15
386,884909400-0,U7u1w07FgM,Dinner,L,10.07,7.5,12
387,811151910-9,P20J9RJ,Bar,3XL,4.26,5.2,2
388,090876142-2,tFfyp1tWDn,TOGO,3XL,10.36,4.2,20
389,561715864-3,lvMrw9,Apps,2XL,7.85,7.5,15
390,352363466-0,PDq5JPtVX,Bar,XS,4.91,4.4,18
391,711435373-1,Xo0UH8Wgf53H,Dinner,XS,13.48,6.8,7
392,219054700-8,6YQh1nHe,Apps,3XL,4.51,2.5,4
393,394324832-1,1D61bLcqs,Apps,M,4.86,6.2,9
394,078301367-1,JXF5R6fzkIOK,TOGO,M,11.91,6.5,18
395,746742884-7,ij04jGxXwHVw,Apps,3XL,10.76,3.0,3
396,735645501-3,IEoUdgeW,Dinner,M,11.76,4.3,3
397,500388691-8,lAOKCeNm,TOGO,S,2.08,3.8,9
398,147923084-7,Lbj09Gxk,Dinner,S,2.45,6.8,6
399,141568873-7,9xoufkKBeS,TOGO,M,6.87,4.7,5
400,977461464-X,1S8Pg4x7O7J,Bar,XL,18.79,9.0,11
401,432715207-2,FqTLNh,Dinner,XS,7.14,6.8,7
402,387178647-0,ZYy3Zg,Bar,XS,4.94,3.8,20
403,802744884-0,uofH0uDQjSJ,TOGO,M,11.92,1.3,4
404,171832469-3,rDrg9cq,Bar,M,7.99,1.0,15
405,496474155-9,hBb6EodjpwmJ,TOGO,2XL,3.33,3.7,9
406,170865835-1,lWhBEsZu5rx,Bar,S,9.51,1.1,20
407,406831052-1,cjbJGy7JS,TOGO,M,8.51,3.6,8
408,873359761-8,ide9IvEB,TOGO,XS,4.03,6.6,1
409,990374040-9,E81haJ,TOGO,2XL,12.34,4.7,15
410,476023297-4,4tuE59kBOgsH,Apps,3XL,13.63,2.3,20
411,532202967-2,V2KxJ16C9R,Apps,XL,11.16,1.3,17
412,673131540-0,GZD2y8ln,Bar,XS,3.92,5.0,14
413,726022563-7,uXBuXRMHF4yC,Dinner,XL,15.44,3.5,17
414,723602468-6,9dxHJQ,Apps,2XL,8.88,1.7,6
415,717203800-2,QVoSBgW,Bar,M,6.24,2.0,8
416,308245087-3,DsTqLyOHUnc,Apps,M,5.13,8.4,1
417,563317865-3,zywWsLCd,Apps,S,4.61,7.1,18
418,305690493-5,BchIKNvYckq,Dinner,M,13.89,7.0,2
419,148050146-8,UIsOvPg8fE,Apps,L,14.83,5.2,11
420,394590446-3,akrqGqZxQIK,Apps,M,2.27,1.5,20
421,308134502-2,GMwFVpbFj,Dinner,L,5.6,1.4,19
422,060509473-X,xO297fklJ,Dinner,S,11.86,4.1,19
423,350014108-0,7SyzqqS,Bar,S,10.14,5.7,6
424,470475320-4,bd75ZNhk,TOGO,XL,4.22,2.4,8
425,699935892-3,NOJBhADH,Dinner,XL,8.43,8.0,1
426,247533178-X,EDEiLJKjrey,Dinner,S,3.79,8.8,13
427,858883393-X,CZOa9caX5RJ,Bar,S,11.21,6.3,20
428,823064187-0,QkEgr1,Bar,XL,11.42,3.0,1
429,873842839-3,HLpBf1uAzjuP,Apps,S,18.0,2.6,8
430,874303718-6,JOfyRnl,Dinner,3XL,12.28,4.7,3
431,748805187-4,cIv1NuxPT,Dinner,M,16.7,4.5,1
432,558606462-6,J3fwvswq,Apps,S,17.82,9.2,17
433,652226552-4,1I0TDK7B,Dinner,S,13.25,2.6,14
434,306436169-4,j0TiAJ00,Dinner,M,14.0,2.6,9
435,417775616-4,EvZwc5,Apps,XS,11.49,8.5,7
436,086376105-4,iFZ9Pfi0QHnF,Apps,XS,6.89,9.8,16
437,250242169-1,Vp042dn0mrA9,TOGO,3XL,19.89,7.8,16
438,141002388-5,qrMuxyIYOvDn,TOGO,M,13.22,9.6,10
439,070011827-6,nUepzusN,Dinner,XL,17.38,6.7,6
440,689925789-0,NXn4VD,Bar,XS,6.12,2.2,2
441,383850414-3,13ozUAsNbz,Dinner,S,8.98,2.3,17
442,397383396-6,rQXgxuICAY,Dinner,M,13.54,6.0,4
443,375996091-X,TIWLvE,Bar,2XL,14.89,5.6,6
444,984286839-7,hlXZmwyp,Dinner,S,16.26,6.7,9
445,335520976-7,vLPg0JMLHkK,TOGO,S,2.03,7.6,3
446,007402956-8,uYAAlN,Apps,2XL,16.15,5.9,17
447,644242753-6,8RkTcTFgxxRP,TOGO,XL,8.55,7.6,3
448,939685518-9,DbOcga0PzmuR,Dinner,XL,14.09,1.4,17
449,242661726-8,WxdbgBK,Bar,S,19.78,9.8,18
450,546078195-7,TWCrQ3b,Dinner,2XL,18.09,4.3,9
451,693930257-3,AlAbeDpVk,TOGO,M,7.3,2.2,1
452,865746957-X,zwGVFphKS,TOGO,M,16.3,6.9,13
453,173170927-7,19UKCvCNHm,Bar,2XL,11.34,2.8,10
454,796516622-4,TleEuTQPscDG,Apps,L,10.63,8.3,9
455,022431962-0,uD3oTFxmJke,Dinner,2XL,15.01,2.8,15
456,530963969-1,pY7bzDt,Apps,XS,10.51,1.9,5
457,900638411-9,o00OThh2Z0G,Apps,L,19.12,1.7,14
458,819139318-2,vi4AgeaQ,Dinner,3XL,8.37,4.2,10
459,786576163-5,3zWNSDpeSb,TOGO,S,5.13,2.6,16
460,472093486-2,TQUGEiQsB1,Bar,3XL,7.66,6.4,20
461,652333324-8,AkrdPPPfc1,Bar,M,2.46,7.2,19
462,256828003-4,1Z8NJSYHOj1X,Apps,XS,9.37,5.1,2
463,255189508-1,Y1l1OmbKsIOT,Apps,S,15.08,1.4,7
464,844620353-7,7Ruq7BSFxt,Dinner,L,11.16,6.6,19
465,136148208-7,is4e1Y,Apps,XS,14.59,2.1,19
466,167487460-X,CVBfRldxSEF,TOGO,L,3.42,4.0,10
467,885147469-9,Dm5Ff3,Apps,2XL,14.63,5.6,1
468,610366658-9,AXRhoZhZ,Dinner,XL,2.85,6.8,11
469,741566085-4,Bhvnr7EGK,TOGO,M,14.04,8.2,20
470,463400392-9,dF0JGh5r,Bar,2XL,11.39,5.0,5
471,144338616-2,CUohAyXg,Dinner,S,12.33,9.1,7
472,359590472-9,tHMUBBRm,Dinner,2XL,11.63,9.3,11
473,506636610-5,wAYAX8qsB52g,Dinner,3XL,3.0,6.5,20
474,693824541-X,BiCkzNNPOy,TOGO,XL,19.87,2.2,4
475,935697973-1,ikFmuq5FeavN,Dinner,L,9.13,6.7,15
476,407222134-1,x1PPEiem5Weh,Bar,M,8.31,9.4,13
477,118348940-4,ENDjVRCmDtaX,Apps,3XL,9.7,4.9,7
478,048408695-2,ezdcxqKkDKt,TOGO,2XL,8.09,9.6,11
479,362104407-8,0e1DVLl0,Dinner,3XL,9.63,3.7,15
480,141961833-4,CaPxZfiJ,Bar,XL,10.2,4.1,9
481,480986941-5,kRjOg8I69O,Dinner,S,19.21,5.1,19
482,645223583-4,OEpQAf4ZB,Dinner,XS,13.76,3.6,9
483,257601485-2,3dKaEjXNxv,Bar,S,1.05,9.8,7
484,713365076-2,RRsi6X7DF,TOGO,L,11.18,1.1,16
485,023629386-9,Py6WUU8jw,Apps,L,19.19,1.4,7
486,944088591-2,ESrJr8KSupf8,Bar,M,17.1,7.2,5
487,367907033-0,1s8NvyXh9L8,Dinner,M,2.89,1.5,1
488,995702061-7,soj4ESdYS,Apps,XL,4.62,1.0,11
489,112208963-5,zcFIKtQiJOZ,Apps,2XL,3.61,7.9,11
490,941645776-0,jB9LDeU,Bar,M,10.74,4.5,2
491,817291316-8,bbyi5dLqhV9f,TOGO,M,8.88,2.5,5
492,870979807-2,nIz2EWan9iDs,Apps,XL,8.0,3.8,18
493,678756340-X,83wCxYfsZ,TOGO,L,11.91,8.2,3
494,870417194-2,SSueNJ9rm,Bar,2XL,15.85,6.3,12
495,737478260-8,WcpCqSyT,Dinner,M,17.03,8.9,6
496,304605139-5,1KZ23I,Apps,3XL,1.86,6.6,16
497,464863630-9,3r7yGQI,TOGO,L,5.69,1.7,10
498,865077066-5,g1WjXb,TOGO,2XL,5.44,2.5,17
499,355975212-4,FVk0h1,Apps,3XL,14.0,4.2,1
500,990149852-X,DHNIEM,Bar,M,6.05,1.1,10
501,854826057-2,NrZvmFwKipSg,Bar,L,3.6,2.7,15
502,271007749-3,2Ce92u,Apps,3XL,16.16,4.6,2
503,499331479-5,X3Jov3SLn0L2,Bar,XL,2.11,5.8,7
504,756176995-4,bhgKmckNZYW,Dinner,M,9.22,9.6,11
505,106031119-4,l3O7eMEPNsHS,Apps,XL,1.16,4.7,10
506,530392964-7,c08tegBLkg,Bar,S,4.71,6.9,16
507,224540704-0,KOWQ5unp,Bar,XL,1.44,4.4,7
508,314660210-5,chy6NpMIjoMT,Dinner,S,7.87,3.9,14
509,419627975-9,hcdayKLic2,Dinner,XS,2.93,1.8,16
510,904516721-2,lOE0if6x,TOGO,2XL,4.26,1.8,7
511,238836252-0,IV9ZBGs,Bar,M,5.95,6.7,2
512,362676740-X,SBMdOW,Dinner,S,13.28,1.2,15
513,844439401-7,hdKnoa,Apps,XL,13.56,4.5,15
514,998652609-4,e9ksEy,TOGO,S,13.8,3.5,3
515,351685926-1,j6QTlP0bQ3,Apps,XL,5.27,1.7,13
516,633897556-5,bphhuFR,Dinner,3XL,9.1,6.6,5
517,584771339-8,rzM8QWopV5,TOGO,XL,19.9,3.1,15
518,171804945-5,Mc5EWc,Apps,2XL,13.31,5.9,1
519,621800790-1,SDzHXY,Dinner,L,14.2,1.1,3
520,960717283-3,gh2DKa,TOGO,2XL,9.98,1.9,4
521,518843839-9,pl5l04ql5,Bar,2XL,1.58,5.1,6
522,219190550-1,G9QRDeC,Dinner,L,8.99,6.3,11
523,432823542-7,02sk9NM3j,Bar,S,9.22,1.8,20
524,969459314-X,LZ6Fsk,TOGO,XL,1.38,6.1,9
525,312825639-X,wpe0aap8Q,Dinner,M,4.87,7.2,12
526,029606678-8,OMRq4ehr,TOGO,L,16.62,3.6,5
527,994890703-5,YGiWwBxOb,TOGO,M,17.38,1.4,1
528,390962835-4,iXzvWl,TOGO,XL,19.68,4.1,3
529,099142414-X,yJjOLq0q1,Bar,2XL,18.65,9.6,7
530,726309654-4,uProhr5AcNcC,TOGO,2XL,10.57,9.9,1
531,314214462-5,pzYwE3,Apps,L,4.76,4.6,2
532,353300934-3,LqC9NNTmtB,Dinner,2XL,9.29,9.1,5
533,103402071-4,fJgygnWj7HQR,Apps,XL,14.49,4.2,6
534,055926865-3,kujextASvhco,TOGO,3XL,1.55,3.9,19
535,878869206-X,lsohbsmjK,Apps,XL,12.3,4.3,19
536,919957847-6,9EnRQxS3,Bar,L,10.47,4.2,2
537,058604123-0,H0mQYXckNf,TOGO,XS,9.37,6.6,2
538,726547991-2,rBdxeNjA,TOGO,XS,12.29,9.4,11
539,244700069-3,LQRNorcz0,Dinner,2XL,9.58,9.7,19
540,117812113-5,xzBzGr,TOGO,2XL,16.91,9.8,2
541,901378843-2,oOltvyvO9,Bar,3XL,9.76,4.4,2
542,119556014-1,e5OLOqCcq6,Apps,L,10.55,2.4,14
543,183798620-7,HJTegat5v5i,Dinner,XS,19.91,5.2,13
544,051297682-1,h3ZCqeiKHHqt,Apps,S,15.59,4.1,3
545,605396628-2,ZmMFCqj7,Bar,3XL,18.36,8.1,19
546,440160172-6,BjnTMaTOj,TOGO,XL,15.9,6.6,5
547,080714852-0,qWalPEc,Dinner,XL,13.57,6.2,19
548,125553147-9,rC8njoc,TOGO,2XL,15.07,3.1,19
549,758945969-0,cnVNUb7,Apps,L,17.05,3.1,13
550,840372809-3,PhaVNQOw,Bar,XL,5.67,3.3,2
551,476954476-6,oBlcDh,Bar,XS,4.76,5.3,8
552,239424418-6,O6BRcQg,Bar,2XL,2.76,6.3,16
553,370591535-5,vrybTnO,Dinner,2XL,13.35,1.7,10
554,652277672-3,RDj4QJ4D,Apps,XS,19.86,7.3,8
555,465766109-4,viJlcu,Bar,XL,3.37,9.3,6
556,981822222-9,bmTrKr,Dinner,M,14.98,5.2,16
557,555103736-3,LxfT6gMwtr,Dinner,M,6.71,1.7,13
558,379079842-8,w5cn1auQt,Dinner,L,10.63,5.8,18
559,218121498-0,S6INFc0r3obg,Dinner,3XL,15.22,6.9,13
560,594935638-1,HsPdfJqkpim,Dinner,2XL,10.8,6.3,15
561,155133900-5,xNXwoO93ru7f,Apps,XS,12.73,9.6,14
562,788236790-7,6CARQMg,Dinner,3XL,15.83,8.2,3
563,049651569-1,aRiXrplh9,Bar,L,1.64,5.4,20
564,282897079-5,QidedFe,Dinner,L,8.37,4.7,10
565,348368173-6,Yaw56xMx,Apps,S,9.02,7.3,10
566,491992904-8,4bSjUyKN1Wle,TOGO,XL,13.31,8.3,7
567,863440110-3,gbdnublmw,TOGO,XL,17.62,1.7,3
568,898176395-X,ukSHxo9Or,Apps,XS,19.41,8.0,11
569,195420073-0,ZPbav2bd,Dinner,2XL,15.05,3.1,16
570,475890722-6,S7WwrecwseRx,Bar,L,16.43,4.1,9
571,056053013-7,5ebLGH,Apps,M,10.84,8.0,15
572,714688133-4,HbBcVZwDRQO,TOGO,XS,14.78,7.0,16
573,803705942-1,uPmlqABu5,Apps,M,9.85,5.6,4
574,516297374-2,ZdEcIc5,TOGO,3XL,6.89,4.3,8
575,164278600-4,zoolL1L6A,Bar,3XL,5.19,2.9,10
576,658987824-2,kWXCL2w6ivl1,Dinner,M,3.87,6.9,14
577,059363450-0,HjKYzHEpGUM,Dinner,L,19.71,8.3,12
578,474927090-3,IXFH1ZE,Bar,L,6.57,3.2,19
579,589513143-3,b0TIu0,TOGO,XL,10.87,6.3,8
580,842864462-4,XmLIMJULzc,Dinner,L,16.15,8.5,15
581,219310842-0,T3Ukweq,TOGO,S,10.48,1.1,20
582,275379314-X,9LfgS7vgJ,TOGO,3XL,12.36,6.8,7
583,743589273-4,uQuprkP6y,Apps,S,16.04,5.6,7
584,810078598-8,tRi1MoUDI,Bar,XS,15.29,9.1,11
585,042152158-9,YIzmnzTH6sdn,Apps,S,5.29,6.6,1
586,671366167-X,zRBGMCEcw,TOGO,XS,12.59,4.2,20
587,119576791-9,h2w2sDHV5K4c,Dinner,XS,19.1,1.0,17
588,800699681-4,SC46eYj1L,TOGO,3XL,13.33,9.0,15
589,608535012-0,kOCbKl,TOGO,S,10.84,7.5,14
590,044814609-6,Z0jjf0bfqAco,Apps,M,3.93,4.7,10
591,351717366-5,J2AA74Lf,Bar,L,17.91,2.9,15
592,133732221-0,9qEMxobazF,Bar,L,1.62,8.9,17
593,509385981-8,3nALBXNZkcRz,Dinner,M,6.04,5.7,20
594,486860068-0,80WvVS,Apps,M,9.19,2.8,20
595,561590504-2,ndtYnh,Apps,M,8.89,1.8,7
596,020189030-5,RXspzqG,TOGO,S,2.1,2.9,5
597,502396569-4,PNF67D5ze,Apps,L,19.13,8.7,8
598,556185253-1,bggNBV50D,Bar,3XL,5.09,7.5,7
599,878478233-1,iyWSOzj,Apps,XS,5.9,4.3,12
600,314968216-9,2Sa3MBME7Xq,Bar,3XL,12.78,6.5,17
601,600733711-1,yHfniqCEYHy5,Dinner,M,11.43,7.0,12
602,041638329-7,fVQtgPvEth6,Dinner,2XL,10.29,6.8,5
603,532632136-X,OipD9PnnGuy,Bar,XS,9.97,5.7,7
604,089717660-X,pIdXpG2,Dinner,XS,8.07,5.7,11
605,499072698-7,al0XKc,Dinner,XL,8.43,6.1,9
606,106846607-3,UvuAHn,Dinner,S,2.09,6.0,5
607,000999142-5,niaeGEIFx,Apps,M,2.28,4.2,8
608,177907144-2,5LHfcqRUm4u,Apps,M,8.17,8.5,8
609,114113862-X,NUvIjFN4NJk,Dinner,L,1.25,8.3,8
610,738586100-8,0kfbFGYM3d,Apps,M,16.41,1.9,8
611,705128097-X,OaIhZFx,Apps,XL,8.18,5.9,4
612,137947023-4,GrRIIDSKjbB,Bar,XL,4.38,4.4,2
613,481370680-0,Iyx4rQK,Dinner,L,8.39,3.9,14
614,355582439-2,anA8ro9,Dinner,2XL,17.7,7.3,10
615,529309172-7,WoyRn1Tc2k,TOGO,3XL,9.4,8.1,17
616,102306859-1,4u97YyW8,Apps,XS,17.32,5.2,6
617,765452236-3,xxyPQp3Y,Dinner,XS,18.94,7.0,14
618,675319507-6,3B5Jb6bc,Dinner,M,1.63,9.4,16
619,332999097-X,2PwoZFU0vJ,TOGO,S,3.1,6.6,9
620,333261097-X,l48nBvZTr,TOGO,3XL,4.51,7.3,6
621,369821742-2,5oRua1Sb,Dinner,XS,14.36,8.9,13
622,459844163-1,hC8U4GRk4Im,Bar,XL,5.75,5.9,10
623,707831178-7,FXqDEQt,Apps,XL,2.65,3.1,7
624,541733509-6,EMrIWe,Apps,2XL,8.35,7.2,15
625,974340904-1,qySRk1,Dinner,S,15.47,3.7,17
626,395286380-7,6TBr3FwiM,TOGO,2XL,2.48,8.9,13
627,641147363-3,3lP2LO,TOGO,M,3.05,8.5,3
628,320167343-9,Iend2y,TOGO,L,16.36,3.2,1
629,235867667-5,FN8PTtQTS2,TOGO,M,8.08,6.0,8
630,020452229-3,5KHp8MzRS,TOGO,XS,6.36,6.9,18
631,145702833-6,xDrNKWSN,Dinner,2XL,18.75,9.9,20
632,473803620-3,FYtNgbLC,Apps,S,13.64,2.3,13
633,978355091-8,yTO6BtIa,Bar,XS,2.22,5.5,3
634,236439739-1,F13aSvx,TOGO,XS,10.97,2.5,8
635,342236526-5,pXSpmXkDE4fb,Bar,2XL,13.99,3.2,3
636,804266739-6,gUHFMVWrHU8n,Apps,S,17.31,5.5,5
637,501097684-6,Jaj1TAlVqU,TOGO,S,19.42,5.5,12
638,003338772-9,k61kGSx4gT,Apps,XS,7.67,4.4,15
639,969051170-X,iTkwoJ,Bar,M,2.8,3.0,4
640,847307919-1,4gVtHh,Apps,3XL,7.43,7.3,8
641,887607529-1,IMSJcephnP6X,TOGO,M,14.09,7.5,18
642,534804414-8,YRDnKa7W3tkK,TOGO,L,9.94,7.7,19
643,020412967-2,17Faqv00ML6,TOGO,2XL,10.04,2.4,3
644,890561845-6,ztGHTd059,Dinner,M,2.35,3.5,19
645,715941729-1,d83DME,Dinner,XS,7.38,1.9,7
646,653761505-4,uyuFyJ,Dinner,XS,1.47,5.5,4
647,819578030-X,MohAFnHU3tRE,Apps,M,7.04,8.7,3
648,331763056-6,anIc7MBmLCF,Dinner,3XL,5.31,2.4,16
649,401870218-3,8bkUc02w1Ren,TOGO,S,19.4,4.5,18
650,331248818-4,U3AVtkzXGzDq,Apps,S,7.21,1.2,6
651,953849782-1,mJobDTz,TOGO,M,14.14,1.8,8
652,221678499-0,3isfe5p,Apps,XL,19.73,6.2,14
653,820745223-4,7WUVOwSMlx2,Bar,S,17.27,6.2,14
654,405739908-9,fgoooe,Bar,XS,9.08,7.7,10
655,095030159-0,47u3LzZ3W7E,TOGO,XS,5.3,2.6,8
656,036434547-0,JApsbK3JAXB,Apps,3XL,14.7,7.4,14
657,028735485-7,ve6E56w9Dmzr,Apps,3XL,17.66,2.8,14
658,293171199-3,WZHd0h1dgJZ,Bar,3XL,3.76,8.9,15
659,259122372-6,VJzB9J,Dinner,S,10.24,6.6,19
660,044968913-1,2edkgn2XMWh,Dinner,2XL,3.76,4.0,3
661,951546678-4,O8qJsXM8Tr,Dinner,2XL,11.74,1.1,3
662,370564183-2,MA2qc0d4Y,TOGO,XL,11.58,4.8,11
663,946851148-0,2m1PpiO0b,Apps,XS,15.71,9.9,17
664,307795216-5,0exeJj1g6R,Dinner,L,5.74,5.0,2
665,983485661-X,Lhbkh5STtX,Dinner,M,18.46,1.9,8
666,197426966-3,zHYLhgI62lHV,Apps,M,18.68,2.6,19
667,690001110-1,TREt7mv5,Bar,XS,5.69,3.1,1
668,913962242-8,QHLYWzdTLw,TOGO,L,7.54,4.9,15
669,779052940-4,zzbqeFgF,Apps,L,4.55,9.2,16
670,045883804-7,6ZiVaNzLtSyY,TOGO,M,6.35,4.7,16
671,359955957-0,UDDeilNvQfv,Dinner,S,7.66,8.9,3
672,066845259-5,RrOY152LZC,Apps,S,14.21,7.3,1
673,955230172-6,PXAb43jC1,Dinner,L,15.36,5.0,5
674,530778786-3,SmdJD7,TOGO,2XL,14.91,8.4,18
675,616914235-9,3Xf116XcduFu,Apps,S,2.08,8.3,2
676,519994221-2,7XaQGeHmxlhb,Dinner,XS,12.81,4.4,4
677,209179347-7,EXRKBVvfyUi,Apps,3XL,10.35,8.4,11
678,794324223-8,Huja0kx2Ed,TOGO,XL,11.98,3.8,10
679,577182117-9,t6jYkqwtF,Bar,S,5.46,7.4,6
680,016978410-X,fRI9kSg,Apps,S,7.59,8.5,13
681,373188771-1,jWfVxRh9tkN,Bar,XL,4.17,5.2,6
682,192819449-4,hORPKvd,Apps,2XL,16.5,5.3,15
683,419712924-6,H53maq,Apps,2XL,1.65,6.2,2
684,121714261-4,EjqDKq,Dinner,L,6.68,6.2,9
685,532185950-7,9jiDfawYBuR,TOGO,2XL,9.44,3.4,1
686,693015135-1,eF05Yf6ygJ35,TOGO,XS,2.2,5.8,6
687,934614836-5,cIkcVn,Bar,XS,19.22,1.1,9
688,090025442-4,yN9SFC,Apps,M,15.4,9.1,14
689,185680415-1,ZbI3ZYN,Apps,M,2.0,5.3,12
690,284983346-0,9EjXpm9m4Hz,TOGO,M,12.56,3.8,8
691,285460067-3,xIuTlkWwRe,TOGO,XS,11.93,9.1,19
692,030434567-9,iZNkVjW1p,TOGO,M,9.92,2.5,17
693,194906770-X,3sv2rQEh2a,Apps,3XL,1.32,1.5,8
694,567099568-6,UQDLqPrjRf,Bar,M,9.83,7.5,18
695,804082893-7,N66bVPBRm,Bar,XL,11.87,8.4,14
696,930261096-9,15CG9WKArOp,Apps,XL,2.41,1.5,18
697,834801425-X,Csqr8hBE,Bar,S,3.44,5.2,20
698,230704641-0,zjW7r6,Dinner,M,3.84,9.0,16
699,974334115-3,XKioeAmZ,Dinner,L,11.51,5.6,9
700,191856332-2,zqwpCK,Apps,XS,14.47,8.9,6
701,778587893-5,L88Eqe2T6QXu,TOGO,XL,19.91,5.1,5
702,575120635-5,llkZmToQezwf,Bar,S,14.42,7.7,4
703,447364875-3,AzPmREAYhx,Apps,S,16.63,8.2,9
704,856692655-2,ZEaWlXFxb8,Apps,3XL,11.94,7.6,19
705,635392652-9,0y2Ok1Klj9,Dinner,L,2.74,5.8,13
706,474125018-0,eYRQf7ml,Bar,M,5.77,7.0,2
707,840582185-6,Vk9n9yOwKIi,Dinner,3XL,15.41,8.2,3
708,632877712-4,eyRAAyc,Apps,L,19.84,1.3,11
709,055973475-1,CVwiljZtPE4,Bar,XL,10.23,8.5,13
710,746490955-0,l4hWmVf4n2J,Dinner,S,12.98,8.5,13
711,448091006-9,3JiNNu27,Dinner,S,16.05,3.5,17
712,788286205-3,QXjYwCPp5,TOGO,XL,14.46,6.2,20
713,695131276-1,MDNaaYS,TOGO,S,4.15,4.1,20
714,532286407-5,G6qi5g,Dinner,XL,4.5,6.5,16
715,579095582-7,e8WWXo,TOGO,M,18.87,3.9,5
716,280865567-3,p0t0lA6Zc,TOGO,M,10.84,7.1,19
717,065314459-8,el8SJgDrRu,Bar,3XL,15.49,3.2,6
718,768493245-4,mmq6a0,TOGO,3XL,11.55,5.6,2
719,421943504-2,We9hkOq,TOGO,3XL,15.19,3.5,5
720,617329655-1,oBzZ2oQ,Dinner,2XL,2.79,3.9,14
721,755366702-1,IEgoB0Uhy,Bar,3XL,11.35,7.2,6
722,810604193-X,G7OUYn,TOGO,2XL,2.98,3.0,20
723,280349503-1,mCuMVL2,Bar,M,1.31,2.6,9
724,360683815-8,Y7oBn5yxp,Dinner,M,4.86,5.4,4
725,793860318-X,zKPdTdxdO,TOGO,XL,16.48,3.9,5
726,945730450-0,vNvkXDGJGXI,Bar,L,17.69,3.7,9
727,255928825-7,817rTYMPiMt,Dinner,2XL,1.74,4.2,15
728,827260584-8,65q6VpfGQy,Apps,M,6.17,3.5,2
729,296538908-3,IvYECgFLk,Dinner,L,7.76,2.2,18
730,367424095-5,TSpblSDo,Dinner,2XL,2.23,8.4,13
731,219386006-8,w8GSj2Rf4,Apps,S,13.21,4.7,2
732,770324430-9,rKXWU0QosL,Dinner,2XL,1.93,5.0,2
733,405798366-X,G9mnHoZ,TOGO,M,15.94,6.5,9
734,784858391-0,pY4vHh,Bar,XL,10.26,3.5,10
735,657579574-9,fpyEIT2n,Bar,L,13.15,3.5,3
736,841218850-0,ataSaY,TOGO,M,10.32,6.3,10
737,355119373-8,K34tGoBf,Apps,L,6.87,8.0,3
738,435703361-6,Lk6kJjHgzU,Bar,L,8.08,9.6,8
739,279837221-6,1LayHn95,Bar,M,4.95,3.0,13
740,008574317-8,jRDUoy,Dinner,XL,11.52,2.7,8
741,623063489-9,pV7fvRC3B2M,Apps,XL,8.55,3.4,20
742,339028423-0,VpLSY3,Bar,XL,8.17,2.3,12
743,665109088-7,Ieg8XE2LRw,Dinner,M,4.54,3.1,20
744,563084861-5,eNfSUrxEx,TOGO,S,16.28,3.6,1
745,935159830-6,9GcDdtfxr,Apps,XL,5.69,8.6,13
746,002373319-5,32269DkR,TOGO,L,13.84,1.4,7
747,457372838-4,Kdh4Vg,TOGO,S,1.18,6.9,5
748,100775148-7,sXcaaClsXxby,Bar,XL,7.25,3.5,20
749,173093060-3,hOBd5KY2f,Bar,XS,11.62,6.1,3
750,351044970-3,Wibp8Zz3mxXH,TOGO,M,6.68,6.2,15
751,258686805-6,u9jyUrs5,Bar,L,19.43,6.8,10
752,675676108-0,G68AJWDhC,Bar,L,7.01,6.8,9
753,879275052-4,0oqGG443ZtUh,Bar,S,8.83,3.6,19
754,549732938-1,5jyX4b,Apps,XS,9.49,7.6,15
755,142605068-2,R0atE2WLEIk,TOGO,3XL,10.4,9.8,2
756,732562294-5,rSEK6VviV1,Apps,2XL,16.14,9.9,10
757,560545647-4,frjvNKkMCU,Apps,M,18.56,7.1,13
758,389925504-6,1TIw75uMGlq,Dinner,S,5.81,9.2,19
759,492947969-X,7yX28Srv6x,Apps,S,10.11,8.3,13
760,244024050-8,VUDl2gw,Dinner,3XL,14.22,5.7,1
761,115205783-9,1vPQ0mQHZwJ,Dinner,M,18.5,5.2,7
762,085041411-3,N8A8ZXtexa,TOGO,XL,2.65,8.8,1
763,027238034-2,wSEB7S,Dinner,L,4.63,5.5,19
764,593916751-9,hVg58vLU305Z,Dinner,XS,17.1,6.4,14
765,385761696-2,yfPOiD,Bar,M,4.51,2.4,10
766,185303316-2,r9WXra,Dinner,3XL,7.03,4.5,6
767,828746242-8,E01biEaYVIOB,TOGO,XL,15.56,9.0,7
768,720241875-4,fF6hVXR,Bar,M,14.08,8.8,7
769,401218349-4,3ZLMlIC,Dinner,M,19.9,8.7,9
770,004250447-3,JcLx5xMa,TOGO,XL,7.77,6.8,9
771,031052225-0,vzOIM0946OQ,Apps,M,11.26,4.9,8
772,197275894-2,4hgUdqqbv69,TOGO,2XL,18.62,5.2,10
773,527865937-8,AeDZha3N4qlw,Apps,M,14.37,8.8,10
774,649305531-8,aSeKouNMwplk,Dinner,XL,15.62,5.2,12
775,921550906-2,qPYUYNEO,Apps,2XL,10.52,9.0,16
776,701978260-4,p8AfPqyEZk7,Dinner,2XL,11.31,5.4,10
777,811585220-1,DdXugW0VE,TOGO,XL,6.92,9.4,2
778,900533112-7,9r5pCMakeo,Bar,M,5.51,1.7,11
779,097337335-0,eZtEwvLn8VT,Dinner,M,18.17,5.3,14
780,656367494-1,FgcjH1q4Z,Bar,2XL,3.99,3.5,6
781,602600934-5,xKSPd9MiNLl,Dinner,S,19.24,9.0,6
782,351548299-7,Qyn7Ic8roW,Dinner,XL,19.55,4.3,18
783,814684642-4,HufI4Z5ao9Jq,TOGO,2XL,2.79,7.3,20
784,273669537-2,IkrtGP,Dinner,XS,10.78,3.6,9
785,784731940-3,asJrdZmwc6LO,TOGO,S,5.37,7.5,11
786,710444135-2,Ptybu4a5qBdr,Apps,3XL,6.75,4.6,8
787,696254760-9,PZmDQbFf2,Apps,L,10.99,2.8,15
788,890542193-8,zQcvFU324qG,Dinner,S,16.54,9.6,3
789,365847157-3,DlRziEv,Bar,XL,17.4,2.8,18
790,340968464-6,4AmQ3QB,Dinner,M,7.28,7.8,9
791,210386493-X,eNz2FN,TOGO,XS,9.33,6.4,13
792,005947071-2,VNHnpEJaFo0,TOGO,M,11.01,2.1,11
793,019864402-7,izUzwAGKpoZ,TOGO,M,14.58,3.1,20
794,245922371-4,8Yk1asA6GJSa,Dinner,XL,11.36,8.3,5
795,882601662-3,dWvYcGJRW,Dinner,S,13.06,5.1,1
796,122703458-X,A2tz28k,Dinner,XL,18.39,5.7,13
797,625721411-4,Lw3yN6oVITK6,Apps,L,5.03,5.2,3
798,058609349-4,KYxEutvB,Dinner,XL,9.12,2.7,13
799,168053390-8,ydqsdJ1xQ,Apps,XS,10.82,2.7,15
800,905416265-1,tX8r0pmm,Bar,2XL,6.59,5.1,4
801,185475641-9,eUk5iS,Apps,XS,4.71,5.9,4
802,800046481-0,woSTDyMdIwXc,Bar,M,2.38,5.5,2
803,289995864-X,1nVkgcRuBb,Bar,L,8.73,7.5,17
804,750153023-8,4VEMCt7e9r,Dinner,M,8.06,6.3,20
805,103795781-4,zHIjNsY3p4Z,Bar,S,7.89,4.3,9
806,237315484-6,qDvrR2TYZ,Bar,XS,7.93,2.6,9
807,450211600-9,Oc15UQWFSfsF,Apps,3XL,1.3,7.6,12
808,293660233-5,UiflMl8,Bar,S,3.31,2.5,10
809,863247464-2,LwXZcUN30,Apps,L,1.33,7.9,4
810,641016624-9,OhS88fN,Dinner,XL,1.83,6.1,11
811,525822305-1,VKVgPVeVAyU,TOGO,S,17.3,7.2,17
812,687795987-6,I9MO2lqzbo,Dinner,S,19.0,4.1,4
813,918362491-0,eubnJdllKb,Dinner,L,18.98,7.2,3
814,015752768-9,GQcv1e,TOGO,XS,14.33,1.9,12
815,177523726-5,nuIx01zY,Apps,XL,8.38,7.8,17
816,746860056-2,0CKr56kO2,Apps,XS,15.18,1.4,4
817,423696075-3,KgL4MeC7,Apps,3XL,13.89,1.8,19
818,077812420-7,xss5krGqefuv,Apps,3XL,19.43,4.2,14
819,149878324-4,SrETpJ2XI9,TOGO,S,14.08,8.5,9
820,015677116-0,Ka3ENR8BM,Dinner,L,13.07,9.9,3
821,471199417-3,JeUCoKFF4,Apps,2XL,11.71,5.3,1
822,077406999-6,2Qwkq6tYNVTp,TOGO,2XL,14.4,6.8,3
823,922011405-4,yzHPMOcDMH,Dinner,2XL,4.31,6.0,15
824,559270657-X,6ksGx9wxXM6Q,Dinner,XL,6.55,9.1,4
825,046715177-6,ZH3MI8,TOGO,M,3.97,3.6,10
826,007209634-9,sxW4XAkpr9Q,Bar,3XL,6.59,2.1,8
827,407607419-X,dc2gcbyIST,Apps,S,9.22,2.9,10
828,528891353-6,y0HyOW,Dinner,XS,7.17,9.2,1
829,373470821-4,a7ZpXxXC9a,Dinner,XS,15.62,6.6,8
830,995142322-1,h5IflcZGJ,TOGO,XL,4.43,8.5,9
831,986859958-X,S98htQRCW,TOGO,M,6.64,9.7,6
832,150893891-1,ZC32EHxWXl,Bar,XL,12.66,9.4,13
833,814330085-4,w4eH1XKXAiEL,Apps,L,12.44,5.8,1
834,005565655-2,o4MqMJCg,Dinner,L,8.11,7.7,8
835,323153018-0,1iPDqtOs,TOGO,XL,17.64,9.7,4
836,084451697-X,XV5KmE,Bar,L,15.93,9.3,1
837,932702970-4,PO2yJ7b7,Dinner,3XL,5.34,3.1,3
838,234474328-6,2S7vrpeqhtP,Bar,3XL,15.55,6.4,4
839,392563151-8,ShNj44egPKZt,Apps,S,2.91,3.0,16
840,062253916-7,5hN1tS,Apps,2XL,5.63,5.8,19
841,566472571-0,FmCkOpcjT,Dinner,3XL,18.72,3.4,2
842,095600031-2,PlD6ONjjMCev,Apps,2XL,12.43,7.0,5
843,011726635-3,KK05qDkRUJI,Apps,L,4.63,7.0,10
844,634738292-X,oDDCWMam10d,TOGO,S,14.3,8.2,8
845,348211557-5,uGuEs7gl,Apps,XL,7.13,6.7,13
846,539351559-6,ZIYC5nLD,Dinner,L,17.94,1.2,3
847,462740693-2,O4tZKqVzip,Bar,3XL,14.35,4.0,20
848,473423412-4,EGzeDh,Apps,S,1.0,4.0,17
849,252677881-6,e3jjsG,Apps,S,5.44,7.7,9
850,136775234-5,7A1aWjyel9A,Bar,XL,14.33,2.7,1
851,276181142-9,QFtw7NEVZ,TOGO,M,10.28,4.3,16
852,551930229-4,XPsaJI,Apps,3XL,14.6,5.1,3
853,412832902-9,7CZUszdDB0vL,Dinner,2XL,14.63,1.6,20
854,351131724-X,h01WP7h7UgC,TOGO,3XL,9.27,2.5,9
855,665045950-X,xD165g9FqdD,Apps,3XL,16.29,4.3,20
856,166720802-0,jxkY8LFCiA,TOGO,L,12.47,6.3,6
857,522132754-6,EjhRRXCBniu,Dinner,3XL,1.85,2.9,3
858,361255622-3,Yj82Y2Qklgjp,Bar,S,5.73,1.7,10
859,894436370-6,XdtDO7hOZxNZ,TOGO,XS,17.87,3.8,17
860,588490727-3,T53B3wEL0z,Bar,XL,6.67,4.0,15
861,600782922-7,TrSo06wLpoL,Dinner,2XL,12.66,8.0,11
862,688464694-2,B9TKOvyHaYqA,Dinner,L,15.61,3.6,8
863,625639555-7,0lukDnv,Bar,2XL,5.47,9.8,15
864,956702380-8,x5CsXZPJR,TOGO,S,2.5,7.2,3
865,372494400-4,jN4DxzPsv9s4,Dinner,XS,17.51,2.8,18
866,922298520-6,J4YG2OsSW,Dinner,2XL,17.25,4.6,18
867,461901899-6,zO5vuHCYDO,Bar,3XL,14.83,8.6,19
868,005154153-X,6BFJVJ,TOGO,3XL,16.83,7.8,13
869,770165521-2,wciUTUJ,TOGO,2XL,2.49,7.7,4
870,167066872-X,3ccx8M,Bar,M,19.0,6.2,6
871,613394511-7,CXFxZF69pyR,Apps,XS,15.31,6.0,14
872,017981058-8,5hPndBSv7c,Apps,M,16.14,7.7,8
873,996784495-7,lzQPK9dO2ZS,TOGO,M,4.16,5.7,8
874,140555988-8,pEm6iDDFY,Dinner,XS,9.69,8.1,6
875,699653432-1,QXueK36v56T,Dinner,S,18.82,7.8,18
876,774647002-5,SqBGs0,Apps,2XL,8.21,2.5,5
877,250198314-9,stNWYEgSkO,Dinner,3XL,5.63,9.2,1
878,927726634-1,8NyxCl8uzcP,Dinner,XL,8.12,1.0,12
879,347820365-1,AwgQYZfLna,Apps,2XL,7.21,3.3,17
880,209494370-4,LBV6bejFmBAf,Bar,2XL,15.2,1.3,16
881,156705828-0,uEHKgIOKE,Dinner,S,2.79,3.5,8
882,935602934-2,lvTHi8LN,Dinner,3XL,10.97,7.4,10
883,732397511-5,JSHyGORol2YW,Bar,M,8.79,3.6,11
884,696211477-X,mAnh5vs3,Dinner,M,2.72,7.0,16
885,963946650-6,FjWdYZKx,TOGO,3XL,15.15,6.0,13
886,105818279-X,sDgnRmRYxyBw,Dinner,XL,9.38,4.8,3
887,934252891-0,gY8QS71P2,TOGO,L,2.49,2.6,15
888,803809344-5,TlASZ2wvHY,Dinner,2XL,14.87,7.1,7
889,517885763-1,jkDW6Cs80Zh2,Bar,XL,15.82,8.8,13
890,850099057-0,ZNOGJ9eI7z7,Dinner,XS,1.85,7.6,9
891,760450104-4,LFCLVFvzDQ6,Dinner,XL,2.82,9.0,7
892,310134472-7,88rPLpKVQ4QB,Dinner,3XL,2.15,7.2,11
893,855352354-3,NNOPjzCgaoH,TOGO,M,18.67,9.8,1
894,201610738-3,4bj7O2q,Dinner,XS,1.47,7.2,11
895,612304650-0,jke4aN,Apps,XL,9.24,4.0,15
896,986790034-0,4gDz6Ano99i,Dinner,XS,12.66,7.7,2
897,213232961-3,C56RWDbneo,Apps,L,2.98,5.1,14
898,395271921-8,oguoN6dKRG7,Apps,3XL,12.7,8.6,3
899,365505206-5,be9HxO3ff,Bar,XL,17.27,5.8,19
900,965816170-7,LuZFfi,Bar,S,4.51,5.3,9
901,768666900-9,Hq5jy9JK17x,TOGO,XL,16.18,2.3,18
902,794628352-0,xlYwsREe,Bar,L,17.87,1.4,5
903,074474482-2,cdEGNz0g,Apps,3XL,13.4,1.6,18
904,502721643-2,1bki3OSkb4,Apps,S,6.68,2.0,2
905,390765531-1,5QADpT2UT,Dinner,S,13.96,8.5,7
906,477650924-5,BjuFQQEOURq5,Dinner,XS,1.84,2.4,17
907,952272162-X,Qhx58GYVWUfd,TOGO,XS,3.49,5.1,12
908,938307423-X,6pZ2dX,TOGO,L,1.57,8.0,5
909,951856670-4,4BJoD7zl4nF2,Bar,XS,11.88,4.0,2
910,072315299-3,KJZiZiFtgvG,Bar,2XL,14.97,4.0,15
911,169778298-1,tpXVECfE,TOGO,M,18.42,6.6,16
912,485578271-8,I13Fg5,Bar,L,14.42,3.4,10
913,876168624-7,Mf102O87ob,Apps,3XL,3.81,8.5,19
914,505709109-3,Ig6yhq,Dinner,M,18.68,1.1,8
915,132021675-7,501yqAqp9h2,TOGO,XL,19.19,5.0,4
916,113878534-2,CLcUr3kwsB1,Dinner,M,4.02,8.9,12
917,062531708-4,pNXDj8,TOGO,M,3.24,7.7,7
918,113060152-8,lDNYsHJDEB5m,Apps,XS,8.12,3.5,1
919,704497847-9,xklMURZsrP,TOGO,L,5.5,9.2,17
920,215449199-5,qxa4eOd6M9t,TOGO,M,8.71,2.5,17
921,958468334-9,TfU9mFI3s9,Bar,2XL,9.73,5.7,4
922,191403387-6,wfqG94OOV,Apps,2XL,14.11,8.0,9
923,539929439-7,InDbQdwF1,Dinner,M,14.43,2.3,17
924,227123400-X,blcJ20XBTwyJ,Apps,2XL,2.94,5.0,20
925,469380147-X,mMt2RUuJ,Bar,S,12.57,1.4,4
926,379645733-9,i5luXSO,Apps,M,1.77,9.9,9
927,073872519-6,wEO4KeDmvQm2,Dinner,L,7.04,1.7,13
928,449877384-5,VVKQdezEgRV,Dinner,3XL,8.9,9.9,15
929,515104655-1,jlmmJSWzjXNM,Apps,3XL,18.8,8.1,20
930,660302485-3,22i7WGyXj,Dinner,3XL,4.35,1.9,1
931,506921256-7,usXxAQOzxZGO,TOGO,XS,2.92,2.2,13
932,342953438-0,tnrA7EUjDX4,Dinner,2XL,5.97,8.6,13
933,572902842-3,uXogU4dHWvwU,Dinner,3XL,16.29,7.1,4
934,037398775-7,9GQxu0v,Apps,3XL,6.47,5.4,20
935,868585682-5,ju14oZP,Bar,3XL,16.23,2.6,8
936,796806692-1,D1Am0J6f,Dinner,XS,19.16,6.0,19
937,122869975-5,nZYFPHfGb5wY,Bar,2XL,11.55,1.3,12
938,757960396-9,2rqfgQH2k74,Bar,M,12.42,1.8,7
939,076510120-3,l6UYHcp3GZ2j,Dinner,XS,5.07,2.0,3
940,636456160-8,wDMbOU6Kn0JU,TOGO,3XL,10.75,4.0,2
941,690436229-4,xpUCndxGIc8,TOGO,M,2.5,2.2,16
942,354886250-0,Bh18T6LK,Bar,L,16.57,10.0,14
943,485186782-4,1impZm,Bar,L,18.89,7.9,7
944,188550277-X,v7g9qmhbGt9,Bar,XL,8.67,3.1,20
945,358201217-4,oaajnIFgOEd,Apps,3XL,15.1,5.9,10
946,536228058-9,rsKi2lKYZ9,Dinner,2XL,18.72,4.9,9
947,275097976-5,63KA0guV7jQ,Dinner,2XL,19.28,7.0,12
948,199264170-6,TAw6JdJgy9M,Apps,M,16.25,5.3,3
949,290977338-8,MD2FQzZog4P,Dinner,M,18.7,1.0,7
950,924633728-X,g1xrubQb,Apps,XL,17.31,7.5,13
951,714551725-6,vcmlkvyH4jt,Apps,3XL,7.96,4.3,5
952,352627801-6,3pGgeWH,Bar,XS,6.97,2.9,17
953,597678780-0,3nd7AiYxs,Bar,L,18.88,6.9,20
954,824968847-3,CPo1NvFhqP,Apps,M,13.03,2.6,13
955,528305991-X,6G76WkjrLWI,Apps,2XL,10.73,3.7,11
956,372075594-0,kKjI78Vf6,Apps,XL,8.5,7.8,14
957,573089981-5,efHviMdYq3,TOGO,XL,4.18,1.1,13
958,656505214-X,zp6yHktuZ,Dinner,XS,12.28,5.1,15
959,217505234-6,S1bGisJs,Bar,L,18.27,5.2,7
960,347785324-5,tqRT4vtcIe,Apps,XL,10.27,7.3,7
961,226964538-3,qGgJhG,TOGO,L,9.05,1.7,17
962,490916360-3,rnRc6A6,TOGO,XL,17.11,1.7,11
963,104423335-4,qb5RqRyfVTif,TOGO,XS,5.03,3.2,8
964,445874028-8,dJXTOoOu,Bar,M,17.39,8.0,2
965,806079787-5,ibeVQzzs3G,Apps,XS,8.73,9.4,19
966,399843165-9,B2FiHhCGL37x,Apps,S,10.44,1.0,11
967,831812045-0,43i9IuJVp,Dinner,XS,11.9,8.7,11
968,504063516-8,6Zo7mnDwy9kv,TOGO,M,16.48,2.3,4
969,467953086-3,1jeETicj,Bar,L,2.69,8.1,10
970,269209068-3,vn2PHrJE,TOGO,S,18.94,9.1,20
971,930291927-7,KyLA7a6xPg,Dinner,M,2.28,3.5,20
972,466974660-X,ewIonj,TOGO,XS,15.01,9.4,9
973,352334474-3,oEbU70RL,TOGO,XS,12.71,4.4,19
974,438896355-0,STW7xu,Dinner,XS,19.22,3.7,12
975,509005574-2,U9NPyP,Bar,M,6.56,2.6,6
976,799434926-9,vNLJQKz8oP,TOGO,XS,13.94,7.4,13
977,544840931-8,avebFXdGbPeU,TOGO,L,12.47,4.4,4
978,930635578-5,cvdmNJVhR,Apps,XL,7.01,5.8,13
979,054772450-0,BsYxwSkpRRbl,TOGO,2XL,19.77,5.5,16
980,152376784-7,xxn8rFzRr,Dinner,XS,7.21,6.5,10
981,362084233-7,G6LehBQ,Dinner,2XL,10.16,9.1,20
982,546530146-5,UBe03D4G,Apps,3XL,7.99,3.6,2
983,898983102-4,aQJv2qjzggY,Bar,XL,18.26,6.2,17
984,108501503-3,Kkw3qe1kP,Apps,S,4.04,3.6,3
985,926207583-9,VVRcVyoNcaef,TOGO,XL,16.95,5.5,3
986,251638016-X,eoyzFPVOm8,Dinner,XS,7.44,8.1,4
987,217877971-9,IaxJvzxB,Apps,S,8.92,5.8,16
988,014751139-9,1VKpkmijqSh,Apps,L,16.35,4.6,7
989,397978812-1,6Vlf8kWxyP,Apps,S,2.86,4.5,16
990,660323708-3,3X6Zwz1SlnS,Apps,L,9.63,4.7,5
991,638989748-0,SZ7LdFjD7d,Apps,2XL,5.56,1.9,16
992,929915895-9,lUFOeNU,Bar,3XL,3.02,8.5,12
993,181538292-9,FPLfaXKt3RX,Dinner,L,16.04,1.8,10
994,154043531-8,Svqe8FEi4H,Bar,S,5.97,3.8,2
995,041614855-7,3hdX27E,Dinner,3XL,18.26,4.9,16
996,767988988-0,nhATYTO3E5,Apps,2XL,13.81,3.3,19
997,328914626-X,oLOTe5ol9UC,TOGO,3XL,11.34,9.3,8
998,029383190-4,lHZGLLD8Jq,Apps,L,1.09,5.3,7
999,393562402-6,Jj7ZxASOW3,Bar,2XL,1.68,8.6,7
1000,420604421-X,a3OcE58eCGPb,Bar,XL,9.85,9.9,4
