row_id,recipe_id,recipe_ingred_id,recipe_ingred_quantity
1,252124439-2,58,44.71
2,357887345-4,41,52.05
3,981785972-X,58,94.18
4,912525810-9,46,99.49
5,765590425-1,87,34.45
6,846368598-6,15,76.79
7,598978918-1,56,48.78
8,171080581-1,70,83.49
9,525492512-4,28,52.07
10,601740682-5,14,31.14
11,416259187-3,89,59.35
12,881436448-6,67,74.85
13,640398287-7,86,84.83
14,838993375-6,30,49.6
15,632132242-3,89,65.74
16,025001344-4,91,96.27
17,531897402-3,37,10.66
18,172420679-6,47,65.75
19,610822009-0,23,74.14
20,970127276-5,46,98.42
21,405634313-6,27,78.59
22,273747142-7,93,10
23,797805870-0,81,56.61
24,230954832-4,37,4.11
25,377987326-5,43,63.66
26,739910921-4,13,71.98
27,487663392-4,54,51.22
28,046543820-2,77,43.44
29,021866661-6,50,74.34
30,191894920-4,98,36.51
31,711346695-8,40,4.07
32,986732074-3,56,90.54
33,572531199-6,48,21.22
34,125804820-5,1,88.94
35,675826940-X,39,3.34
36,116447126-0,82,61.71
37,561052147-5,49,68.59
38,552577941-2,39,63.48
39,080154857-8,72,42.33
40,690257282-8,28,86.89
41,750310242-X,89,64.16
42,853896908-0,92,86.53
43,768069519-9,67,16.93
44,241395472-4,82,28.97
45,403248576-3,79,72.14
46,615446273-5,86,6.34
47,874265319-3,23,84.21
48,223491986-X,20,82.01
49,025726313-6,70,6.49
50,813589376-0,53,91.92
51,512359399-3,4,92.72
52,054041828-5,71,43.45
53,063248622-8,14,56.32
54,572577779-0,10,84.41
55,742398693-3,82,60.48
56,577281677-2,77,77.52
57,128549095-9,5,59.64
58,522227907-3,100,35.41
59,344647480-3,69,97.26
60,645143795-6,27,15.31
61,630254423-8,75,17.5
62,662830909-6,67,75.26
63,538858849-1,27,83.82
64,962469457-5,77,33.55
65,189435120-7,81,5.27
66,764374526-9,40,19.16
67,227891679-3,94,36.23
68,373088147-7,51,17.88
69,726016464-6,51,23.54
70,759326564-1,18,48.3
71,580442064-X,54,44.98
72,975407547-6,80,64.06
73,370671856-1,66,40.45
74,634608488-7,88,86.92
75,997293870-0,92,22.61
76,608651811-4,51,75.6
77,019168141-5,33,74.06
78,159465108-6,81,86.87
79,898240102-4,19,63.33
80,046579270-7,89,85.82
81,530725599-3,59,56.45
82,417098097-2,4,12.54
83,202481010-1,44,45.46
84,260536656-1,92,33.27
85,258123130-0,60,82.22
86,456622427-9,74,19.69
87,755204849-2,49,53.61
88,766254628-4,36,54.95
89,548973260-1,8,7.63
90,535502078-X,10,59.99
91,399824289-9,8,52.07
92,597569534-1,46,89.47
93,209729921-0,97,52.81
94,660297898-5,36,51.93
95,518325637-3,9,91.58
96,148660417-X,62,36.41
97,740684051-9,78,17.06
98,595522762-8,39,1.02
99,095519341-9,67,68.92
100,123137197-8,58,32.96
101,428293794-7,5,2.91
102,579329250-0,34,16.88
103,625473489-3,93,85.74
104,861718701-8,37,93.74
105,967427465-0,37,10
106,973197179-3,51,90.04
107,380114823-8,18,34.67
108,402773740-7,31,88.7
109,770374154-X,42,87.68
110,234505552-9,46,70.63
111,189433244-X,93,69.81
112,502865492-1,9,33.21
113,240816715-9,16,92.73
114,699700555-1,68,32.31
115,791058572-1,85,24.31
116,975505519-3,29,97.46
117,124998029-1,25,75.02
118,377942055-4,50,94.79
119,589826594-5,78,65.26
120,430668323-0,56,6.87
121,814585190-4,26,63.64
122,241132111-2,92,54.79
123,410755787-1,81,18.86
124,845881838-8,81,79.79
125,839266875-8,20,81.7
126,314079118-6,4,24.23
127,834284696-2,33,80.64
128,890972198-7,79,64.47
129,253680890-4,50,97.22
130,396363918-0,30,98.59
131,549582297-8,95,77.93
132,166856029-1,97,67.68
133,633911963-8,45,22.07
134,977357093-2,48,30.37
135,321397040-9,69,29.63
136,390092414-7,96,76.59
137,247170439-5,83,60.5
138,831819083-1,21,73.99
139,167580452-4,35,71.84
140,493566904-7,94,99.21
141,810498094-7,53,1.92
142,992396692-5,3,63.06
143,717796010-4,71,83.05
144,523165219-9,31,76.48
145,057700557-X,98,92.5
146,413155901-3,40,98.64
147,942071176-5,86,22.07
148,609177602-9,53,68.88
149,194184105-8,58,52.75
150,562575481-0,5,60.25
151,614520677-2,93,48.9
152,299053191-2,68,97.21
153,144071898-9,31,5.29
154,438459631-6,10,11.82
155,017321328-6,40,48.57
156,719733403-9,22,9.94
157,665956855-7,11,59.05
158,503790964-3,23,72.75
159,956270360-6,19,92.01
160,865524198-9,49,23.43
161,530205981-9,78,94.6
162,220435230-6,42,86.54
163,615734582-9,85,63.71
164,894469500-8,55,14.36
165,926423482-9,1,91.42
166,514998655-0,19,76.53
167,860115835-8,8,69.72
168,715009185-7,32,18.59
169,518999230-6,74,17.26
170,948185291-1,99,60.29
171,751162327-1,31,58.21
172,039406987-0,86,37.11
173,742899268-0,95,41.07
174,030998749-0,92,49.05
175,596920054-9,89,48.94
176,687973379-4,100,41.36
177,258189618-3,3,97.18
178,021812955-6,61,25.69
179,689026418-5,7,53
180,860993798-4,17,69.92
181,819399614-3,37,67.14
182,728167480-5,61,94.17
183,635294907-X,70,88.15
184,941906349-6,81,95.58
185,455091540-4,79,40.3
186,432384149-3,67,89.14
187,617818396-8,28,25.74
188,703605113-2,67,19.86
189,853083434-8,83,60.24
190,464828080-6,61,11.69
191,679128944-9,42,22.98
192,234258855-0,32,8.48
193,386091249-6,4,55.43
194,668497910-7,57,18.57
195,356285072-7,29,42.2
196,879710696-8,33,27.31
197,821903557-9,82,25.34
198,377722473-1,23,26.82
199,786346926-0,79,90.51
200,115924186-4,45,66.45
201,125232003-5,90,5.37
202,730857283-8,68,18.69
203,413541210-6,3,96.17
204,583413559-5,20,2.25
205,367890003-8,10,31.66
206,163238327-6,11,54.7
207,454157640-6,19,3.51
208,605466795-5,81,92.32
209,405248055-4,72,99.05
210,521231502-6,87,90.69
211,384563586-X,5,23.15
212,409889218-9,83,36.34
213,475010480-9,89,30.47
214,447114766-8,95,81.57
215,417750600-1,79,30.11
216,314268232-5,43,26.82
217,602520286-9,71,94.91
218,336181008-6,76,7.89
219,944103350-2,16,10.69
220,976483996-7,69,67.12
221,671261157-1,77,36.03
222,791010178-3,70,29.81
223,127865047-4,1,52.97
224,619662043-6,80,90.97
225,635511783-0,42,6.57
226,673170020-7,1,69.83
227,279110888-2,63,23.18
228,472497793-0,53,98.15
229,339476813-5,18,97.67
230,207480682-5,24,8.61
231,133949629-1,42,60.75
232,122471782-1,68,78.65
233,408441684-3,82,37.54
234,709533314-9,21,8.54
235,801221643-4,71,20.66
236,966505769-3,58,2.3
237,139360135-9,43,2.45
238,122470542-4,71,6.18
239,255276628-5,23,45.15
240,606982037-1,13,90.41
241,195857720-0,98,60.7
242,773049951-7,78,44.41
243,916878022-2,92,74.3
244,514949568-9,92,65.86
245,101380166-0,72,42.86
246,232107086-2,50,33.93
247,461998952-5,34,63.55
248,298591843-X,81,8.89
249,177816565-6,87,48.4
250,481090458-X,30,44.56
251,144036919-4,77,45.2
252,438175878-1,26,74.54
253,690108788-8,97,24.97
254,150031476-5,23,99.09
255,911375888-8,59,90.82
256,158227438-X,26,21.6
257,726743311-1,96,65.07
258,006570426-6,45,81.32
259,715441350-6,70,65.94
260,589369446-5,46,63.8
261,183503073-4,4,92.52
262,958377053-1,26,55.97
263,463296860-9,34,58.06
264,533757363-2,32,77.55
265,104921572-9,13,9.57
266,697363952-6,15,75.58
267,393598484-7,82,26.21
268,504953162-4,94,28.06
269,339634867-2,69,78.33
270,101948642-2,56,90.71
271,037484412-7,77,47.47
272,583814979-5,5,74.98
273,297471669-5,99,37.85
274,108443582-9,48,49
275,092073903-2,84,90.25
276,978005317-4,30,15.2
277,537933791-0,35,76.31
278,493355728-4,28,23.4
279,891814355-9,51,19.09
280,700484183-9,26,30.26
281,236018025-8,40,51.18
282,158432954-8,78,22.98
283,701717577-8,93,32.41
284,301988958-8,99,60.01
285,547255845-X,97,68.6
286,566246948-2,100,81.45
287,723100665-5,57,50.53
288,603240464-1,68,95.17
289,012313547-8,3,65.19
290,437778099-9,45,39.12
291,532981640-8,27,80.6
292,165695602-0,42,83.99
293,627882452-3,91,23.99
294,244350985-0,100,46.8
295,046799200-2,87,20.02
296,424601375-7,58,14.52
297,419916245-3,8,53.11
298,965101651-5,33,85.69
299,556431999-0,69,15.06
300,268885925-0,47,73.01
301,618694382-8,100,35.9
302,315325496-6,78,74.06
303,534083641-X,46,37.58
304,635837751-5,48,8.4
305,721955194-0,4,49.93
306,769310183-7,5,23.49
307,332701238-5,84,47.03
308,803565975-8,41,28.68
309,117080886-7,8,3.34
310,164494041-8,89,4.83
311,911128922-8,73,98.03
312,434247692-4,5,32.2
313,014473061-8,1,21.67
314,681032240-X,39,2.65
315,621782642-9,78,90.77
316,367287512-0,71,50.83
317,134414281-8,4,58.19
318,793647525-7,99,45.26
319,673220833-0,34,30.97
320,477723011-2,65,57.97
321,101199577-8,72,68.09
322,652842521-3,37,19.51
323,928853737-6,58,43.23
324,972998539-1,90,1.46
325,509519395-7,5,37.82
326,687247604-4,74,41.63
327,006430673-9,22,47.63
328,405881668-6,7,86.09
329,950372035-4,73,51.92
330,663596095-3,94,78.04
331,197729508-8,73,74.2
332,593836246-6,58,91.4
333,968617635-7,23,18.53
334,806838985-7,82,40.77
335,644099197-3,31,78.19
336,385846420-1,83,1.35
337,065015674-9,87,40.99
338,315029186-0,16,53.85
339,860743982-0,83,98.66
340,665132127-7,10,36.5
341,636842782-5,15,40.62
342,410770168-9,79,21.42
343,680428108-X,58,69.95
344,935211636-4,100,15.18
345,173719387-6,100,80.01
346,257632898-9,57,34.7
347,696341890-X,3,73.62
348,915068212-1,95,62.13
349,423886052-7,2,43.44
350,940773316-5,82,13.9
351,933106083-1,65,59.96
352,778714392-4,67,44.15
353,894232012-0,72,58.81
354,289229416-9,57,78.09
355,571077371-9,98,36.01
356,434534980-X,52,87
357,140755322-4,8,57.81
358,536086835-X,73,20.7
359,028514101-5,37,30.67
360,056616059-5,71,57.47
361,315570201-X,17,19.87
362,867522219-X,52,68.03
363,842009639-3,71,50.37
364,463641019-X,98,24.75
365,271550625-2,11,27.07
366,279030361-4,50,1.45
367,526603680-X,19,64.27
368,932871648-9,47,29.98
369,157682855-7,77,17.61
370,820235259-2,84,94.81
371,398435395-2,97,10.47
372,982444224-3,91,28.34
373,848897924-X,42,74.55
374,807275267-7,91,96.68
375,353625865-4,55,30.07
376,565344342-5,36,44.69
377,754138154-3,21,43.66
378,214157309-2,91,16.71
379,064669500-2,79,25.76
380,336778116-9,76,93.46
381,318238927-0,59,88.4
382,867851487-6,95,7.74
383,693167379-3,4,26.52
384,770997668-9,69,13.45
385,454704574-7,80,77.41
386,634469167-0,68,20.26
387,339657267-X,73,97.51
388,285829384-8,66,36.43
389,528502256-8,64,85.64
390,048016038-4,99,20.26
391,487002101-3,27,14.37
392,191671190-1,6,9.25
393,915652263-0,21,9.61
394,343311481-1,9,13.27
395,998918243-4,42,14.07
396,967490368-2,80,49.01
397,315217212-5,52,41.59
398,479706069-7,43,29.29
399,485130608-3,52,22.53
400,749174382-X,98,45.05
401,391804137-9,62,39.2
402,499120600-6,38,41.68
403,421889219-9,54,8.86
404,684191563-1,28,99.29
405,330929367-X,58,31.52
406,184957497-9,69,81.53
407,239441584-3,9,83.08
408,942135462-1,8,18.32
409,002362812-X,96,31.15
410,085300062-X,57,42.08
411,867548267-1,52,72.47
412,746896638-9,39,89.31
413,214934171-9,19,74.05
414,578503744-0,4,70.16
415,038959447-4,58,66.22
416,986900177-7,8,36.9
417,580927659-8,100,8.67
418,439947401-7,21,78.65
419,520564722-1,40,83.56
420,479642892-5,9,53.01
421,212807702-8,72,32.69
422,459065830-5,45,90.7
423,725186020-1,61,79.43
424,192041947-0,17,2.78
425,225922160-2,55,94.88
426,887181087-2,81,95.31
427,851322705-6,27,33.3
428,071615077-8,57,23.56
429,496853135-4,35,68.48
430,107346753-8,17,59.87
431,562247441-8,41,12.39
432,932631568-1,91,15.06
433,387329675-6,13,72.18
434,185138615-7,46,23
435,764832288-9,7,47.31
436,759432938-4,40,68.64
437,209459353-3,18,37.75
438,360342802-1,58,56.51
439,281364144-8,61,36.82
440,919832035-1,83,65.41
441,686331962-4,58,28.06
442,545531545-5,71,40.26
443,661282998-2,49,50.21
444,109651738-8,78,10.07
445,699460670-8,32,29.45
446,805430946-5,53,12.73
447,651388427-6,42,13.45
448,020722606-7,56,2.93
449,222129574-9,34,25.79
450,715820222-4,14,48.85
451,878983402-X,52,73.14
452,204880856-5,48,98.68
453,921699324-3,29,48.34
454,863747346-6,16,70.39
455,853564816-X,13,57.79
456,250871208-6,81,58.96
457,811586076-X,61,38.23
458,777657816-9,3,62.59
459,692800133-X,50,90.7
460,064904873-3,5,6.86
461,152121343-7,85,90.31
462,595299237-4,31,69.78
463,935072778-1,84,26.14
464,957617563-1,82,59.42
465,232605538-1,78,48.23
466,435239747-4,40,23.52
467,278881796-7,12,9.64
468,630615226-1,74,82.5
469,431378273-7,85,50.65
470,097684796-5,90,74.34
471,928780136-3,81,39.38
472,722449965-X,86,59.78
473,686206851-2,87,11.84
474,336893570-4,82,40.4
475,308631447-8,66,95.86
476,894698158-X,67,89.6
477,867419591-1,20,87.52
478,929197982-1,69,19.04
479,706053351-6,20,31.61
480,532590887-1,22,23.18
481,176665851-2,100,7.92
482,563759480-5,71,53.71
483,786167484-3,54,72.02
484,453933634-7,76,9.89
485,800531965-7,73,98.03
486,896511776-3,22,56.73
487,330905964-2,20,53.86
488,398329153-8,82,13.19
489,272587956-6,1,78.5
490,316232379-7,63,40.97
491,421548999-7,40,24.71
492,736132168-2,32,25.78
493,923788993-3,87,60.33
494,994200678-8,68,77.08
495,687166786-5,95,45.09
496,908520050-4,59,1.68
497,623636375-7,23,31.52
498,520888060-1,19,60.55
499,385534939-8,4,17.94
500,114868537-5,17,30.29
501,366023594-6,50,61.33
502,190217413-5,17,51.59
503,027337024-3,47,42.86
504,101521771-0,77,29.84
505,377828613-7,76,76.84
506,925034423-6,86,10.41
507,015387157-1,35,27.04
508,701745497-9,76,90.86
509,650702621-2,46,31.82
510,336795257-5,53,98.98
511,995875671-4,38,66.09
512,378279919-4,20,58.07
513,382905241-3,29,54.91
514,411655450-2,81,19.58
515,319942238-1,17,52.46
516,100856434-6,85,17.15
517,693995981-5,35,68.37
518,144762815-2,89,11.33
519,935063928-9,98,4.1
520,895296578-7,71,92.1
521,035236345-2,32,29.39
522,710051928-4,30,7.87
523,386423013-6,4,77.51
524,109899127-3,86,34.42
525,917340273-7,62,92.66
526,481525282-3,41,28.99
527,216727029-1,31,17.98
528,397603096-1,94,19.57
529,198902808-X,56,18.46
530,405961690-7,87,17.29
531,284957089-3,96,33.58
532,691853595-1,78,34.1
533,377814679-3,90,48.55
534,612288486-3,2,67.65
535,140436051-4,69,79.18
536,906805375-2,35,47.22
537,733861477-6,54,30.14
538,313574161-3,76,98.72
539,999046824-9,32,40.83
540,024938232-6,18,3.36
541,529724317-3,66,13.57
542,556386768-4,37,94.3
543,361587223-1,78,8.33
544,606942646-0,83,74.16
545,573568003-X,88,16.33
546,912100119-7,2,84.64
547,124064254-7,96,69.84
548,479081559-5,43,74.19
549,258617135-7,2,69.75
550,159614420-3,91,7.34
551,852074695-0,51,3.47
552,318744962-X,21,40.12
553,174016978-6,28,30.91
554,048875475-5,43,11.69
555,406933142-5,96,1.54
556,184264212-X,4,42.04
557,685469059-5,85,44.02
558,228019409-0,74,79.14
559,827414774-X,57,93.59
560,009216760-8,40,53.13
561,385715938-3,5,58.72
562,403170920-X,4,15.14
563,837382388-3,64,62.13
564,308505382-4,55,35.61
565,659956307-4,13,40.59
566,420249800-3,35,66.14
567,992843890-0,83,77.76
568,267705808-1,70,37.16
569,248811645-9,44,79.65
570,072675116-2,2,48.13
571,090876813-3,78,39.88
572,635246458-0,71,27.39
573,948004404-8,9,60.43
574,702979873-2,58,37.52
575,275257282-4,24,20.3
576,269740966-1,30,62.39
577,843610779-9,25,69.01
578,381779311-1,42,58.72
579,072774822-X,94,21.63
580,394663735-3,16,21.34
581,512474836-2,89,46.84
582,830591646-4,71,97.76
583,843308265-5,42,48.68
584,869021331-7,16,38.05
585,309054602-7,97,24.56
586,817726154-1,19,62.11
587,625152412-X,87,69.89
588,319223568-3,32,22.32
589,982098305-3,33,59.67
590,424723302-5,61,12.37
591,085067959-1,66,56.81
592,286172213-4,40,97.19
593,488487516-8,49,58.4
594,931094281-9,46,94.14
595,814310827-9,3,92.36
596,094392481-2,55,33.39
597,118552904-7,63,68.18
598,333268208-3,45,14.98
599,730787625-6,42,47.03
600,358389381-6,1,56.16
601,113545261-X,25,27.19
602,553832321-8,78,97.8
603,033313247-5,2,82.73
604,331912844-2,1,69.88
605,407452406-6,8,66.48
606,674770805-9,2,39.32
607,835674927-1,87,61.29
608,731568708-4,45,82.64
609,145007837-0,52,71.63
610,584851146-2,84,98.66
611,355853389-5,74,79.47
612,863727353-X,95,94.47
613,795463234-2,96,40.43
614,498196143-X,21,76.12
615,926060310-2,2,46.12
616,866116201-7,82,22.83
617,635676703-0,40,78.43
618,419804043-5,67,5.98
619,113622721-0,54,72.14
620,182356929-3,84,53.73
621,745610579-0,38,66.52
622,698077428-X,41,80.75
623,676962970-4,48,57.78
624,304893742-0,67,24.58
625,331987523-X,86,90.59
626,148026912-3,88,92.88
627,972798635-8,88,19.85
628,723536925-6,100,66.47
629,453977890-0,33,53.54
630,263178020-5,7,53.77
631,127933262-X,32,16.03
632,453614130-8,14,34.26
633,343694699-0,5,12.69
634,438593749-4,88,81.89
635,195824444-9,74,58.44
636,943372502-6,39,70.69
637,476995831-5,78,96.96
638,331962007-X,92,12.6
639,030822490-6,89,56.18
640,720938766-8,96,53.21
641,044638950-1,41,82.81
642,406093373-2,67,50.44
643,533408766-4,11,64.92
644,153881730-6,26,9.68
645,188146044-4,6,23.52
646,467036788-9,37,67.77
647,382795382-0,18,42.32
648,950510917-2,89,79.16
649,743113932-2,23,2.09
650,017100916-9,94,97.11
651,121649901-2,21,76.89
652,965501300-6,100,87.98
653,415926230-9,81,43.23
654,390522340-6,43,26.47
655,184704734-3,50,19.11
656,824870601-X,93,80.01
657,486954441-5,87,2.55
658,095467467-7,22,65.39
659,515127569-0,100,87.84
660,899965300-5,80,26.12
661,699806487-X,83,54.61
662,484948633-9,89,78.09
663,624462902-7,74,38.58
664,130989974-6,74,48.12
665,666812007-5,72,95.22
666,804298550-9,55,74.54
667,975850796-6,5,55.11
668,143326582-6,88,36.13
669,774123703-9,4,76.53
670,430512888-8,61,17.02
671,630177000-5,66,68.1
672,102306758-7,74,88.34
673,748386499-0,9,8.96
674,919876865-4,73,3.26
675,239528434-3,80,80.01
676,424327548-3,92,82.54
677,696208065-4,92,82.33
678,815209048-4,66,24.67
679,237860223-5,39,99.04
680,756223707-7,27,96.56
681,678418396-7,71,60.2
682,733420958-3,21,73.25
683,041101810-8,89,22.96
684,975401476-0,65,80.56
685,583740501-1,90,90.21
686,072973586-9,41,79.07
687,227530058-9,100,21.02
688,091998345-6,79,83.2
689,436230299-9,82,14.58
690,368580750-1,32,41.33
691,049868466-0,66,56.77
692,074455504-3,33,21.97
693,746513011-5,13,21.11
694,326474544-5,84,26.69
695,124307626-7,87,16.29
696,433612856-1,80,36.25
697,894924081-5,32,89.03
698,365723549-3,86,71.64
699,694395753-8,26,74.32
700,748793509-4,37,44.93
701,829257756-4,20,7.78
702,500929599-7,96,17.65
703,148738816-0,49,16.35
704,487322913-8,2,35.92
705,069814780-4,34,70.86
706,372480155-6,80,81.69
707,067363404-3,54,21.28
708,155475871-8,73,10.94
709,155180772-6,2,90.68
710,258243675-5,56,52.22
711,186928034-2,26,1.34
712,291752063-9,43,25.61
713,143131756-X,44,9.63
714,011092834-2,73,91.16
715,593511388-0,54,63.63
716,830023589-2,12,56.44
717,617545272-0,70,8.45
718,122426965-9,94,10.7
719,507901728-7,4,98.2
720,776752471-X,68,55.83
721,286039118-5,7,99.57
722,865792526-5,84,76.78
723,799706106-1,52,14.44
724,038747136-7,83,65.5
725,238081741-3,57,76.49
726,033020575-7,67,50.82
727,019473789-6,74,20.17
728,655527821-8,94,38.3
729,193766941-6,75,51.87
730,482707276-0,39,92.87
731,153387029-2,46,76.34
732,519286080-6,25,73.44
733,841818931-2,55,63.91
734,743840612-1,90,47.55
735,571487921-X,63,70.84
736,321647082-2,69,77.08
737,466813994-7,64,16.66
738,101597322-1,44,7.02
739,857369757-1,49,24.72
740,281933307-9,65,25.83
741,424921423-0,51,12.38
742,616433562-0,77,6.84
743,795305519-8,79,94.77
744,662132318-2,4,80.12
745,638806281-4,78,35.82
746,945166344-4,32,53.85
747,640531759-5,26,85.07
748,979040106-X,93,59.62
749,032671054-X,9,50.32
750,494368736-9,12,29.29
751,835410861-9,57,49.33
752,986350759-8,77,22.6
753,335684336-2,62,36.43
754,905927560-8,6,51.8
755,362784215-4,26,56.78
756,825181076-0,54,34.92
757,663490021-3,83,83.39
758,437770980-1,52,19.84
759,371490583-9,61,43.9
760,493687075-7,57,20.45
761,752233072-6,37,37.53
762,431157074-0,18,44.34
763,289710861-4,19,11.2
764,519612408-X,100,87.33
765,923936452-8,35,8.02
766,320689653-3,83,77.38
767,585105741-6,32,11.67
768,614673791-7,59,10.54
769,408840626-5,18,99.15
770,776085447-1,21,94.33
771,058661952-6,46,10.64
772,434046508-9,89,5.25
773,689963621-2,33,12.15
774,589148192-8,94,6.01
775,279573892-9,4,53.63
776,698732411-5,49,47.09
777,513958439-5,26,40.09
778,311295414-9,4,57.71
779,264422728-3,33,97.29
780,574467368-7,91,45.97
781,313185534-7,51,97.34
782,554716792-4,8,89.35
783,563845617-1,86,58.38
784,535685479-X,55,93.31
785,756774649-2,86,31.67
786,081851174-5,8,34.14
787,832687847-2,43,79.22
788,750062408-5,33,36.57
789,037593055-8,66,86.52
790,471751022-4,22,29.37
791,512422474-6,63,99.81
792,229459806-7,68,48.99
793,758352277-3,70,47.74
794,899496887-3,78,90.31
795,279829358-8,11,40.09
796,567615977-4,98,65.84
797,228469941-3,77,53.29
798,109587774-7,10,87.44
799,311960979-X,54,51.55
800,535778167-2,49,93.2
801,038781155-9,64,50.77
802,300829517-7,85,79.85
803,549534512-6,84,53.59
804,256564515-5,43,39.68
805,945562905-4,21,96.34
806,698808787-7,14,71.79
807,804182349-1,53,78.67
808,488261592-4,100,30.64
809,193767922-5,58,70.77
810,316130825-5,97,8.05
811,859012707-9,97,75.73
812,273437041-7,86,37.67
813,121196687-9,70,37.04
814,287713710-4,54,15.59
815,610762949-1,34,38.81
816,838845641-5,5,8.42
817,310264892-4,59,38.11
818,616507090-6,25,79.52
819,857146612-2,59,15.36
820,376778465-3,66,13.96
821,492459681-7,61,79.36
822,146821589-2,14,92.87
823,785298849-0,42,14.86
824,185640780-2,4,62.52
825,622658155-7,80,46.68
826,377545453-5,34,19.33
827,503188637-4,28,10.04
828,405997923-6,38,12.74
829,933422701-X,64,44.83
830,883951563-1,59,10.95
831,965901959-9,18,57.72
832,203713103-8,38,33.31
833,551281870-8,69,30.05
834,683591799-7,86,8.53
835,187600024-4,17,46.89
836,991520331-4,74,25.72
837,404535613-4,8,89.69
838,266189541-8,28,6.39
839,870396279-2,96,78.51
840,434674692-6,15,7.05
841,216424062-6,47,92.41
842,862848828-6,21,40.94
843,115893943-4,79,11.7
844,909101608-6,10,78.35
845,385841795-5,79,64.75
846,088416957-X,14,42.67
847,437523831-3,24,62.69
848,181866951-X,85,46.7
849,223795423-2,27,67.87
850,350011680-9,49,26.55
851,137782695-3,3,51.39
852,585616498-9,9,87.51
853,624058375-8,61,59.56
854,826503873-9,8,90.72
855,752587958-3,90,61.37
856,894205640-7,85,61.41
857,121699412-9,54,74.92
858,879706116-6,76,46.21
859,374181279-X,66,52.57
860,542496162-2,53,53.2
861,468331690-0,82,62.38
862,061333652-6,50,39.42
863,455956668-2,18,74.39
864,010243833-1,76,84.17
865,799407897-4,18,66
866,772252472-9,52,77.51
867,819972771-3,17,99.87
868,100074173-7,91,53.29
869,463330774-6,36,38.13
870,193719130-3,90,98.82
871,350970404-5,27,56.29
872,007764024-1,62,10.35
873,146962427-3,66,73.62
874,327372481-1,20,8.58
875,587855665-0,19,17
876,990741960-5,23,71.65
877,219089831-5,40,63.43
878,174022778-6,79,33.1
879,647026081-0,72,83.13
880,852127941-8,66,20.73
881,542803022-4,41,2.89
882,472213744-7,59,87.51
883,997776591-X,55,9.16
884,763895518-8,62,24.14
885,823199688-5,64,74.6
886,745206684-7,20,96.32
887,142481918-0,39,70.19
888,650739545-5,57,42.57
889,447689903-X,77,75.57
890,879013182-7,59,94.2
891,683083526-7,27,26.9
892,982704693-4,41,23.74
893,886395718-5,8,3.58
894,123621244-4,16,52.33
895,698859447-7,31,5
896,684239973-4,78,41.39
897,273559986-8,84,60.55
898,333669377-2,68,48.85
899,435515520-X,96,58.38
900,800578396-5,23,40.67
901,597547311-X,5,34.96
902,850581445-2,78,64.55
903,947171459-1,96,55.42
904,755720353-4,55,95.84
905,408241663-3,98,12.78
906,051148330-9,60,52.33
907,751485406-1,78,28.34
908,039118548-9,98,52.94
909,535242475-8,93,67.89
910,964997722-8,42,17.32
911,230147316-3,76,71.65
912,883772629-5,70,98.66
913,064607810-0,39,44.29
914,171713470-X,60,86.05
915,681181428-4,27,96.71
916,781186960-8,82,69.34
917,114780731-0,49,49.9
918,265163234-1,31,36.64
919,698961078-6,59,58.85
920,939674076-4,94,99.05
921,140929169-3,39,75.65
922,443848181-3,55,54.55
923,233855995-9,1,82.57
924,845397891-3,61,72.13
925,702157717-6,28,5.14
926,785154056-9,44,67.67
927,826043327-3,1,58.79
928,071844702-6,10,41.74
929,509008271-5,89,56.9
930,939433704-0,92,82.91
931,321898695-8,63,88.65
932,195872359-2,31,48.86
933,880497573-3,93,5.3
934,850037854-9,86,52.94
935,163942806-2,13,32.57
936,374990794-3,46,63.05
937,202328408-2,12,21.89
938,374695005-8,24,76.59
939,082019776-9,29,44.69
940,532600283-3,38,39.41
941,938268346-1,29,96.9
942,658555585-6,96,96.46
943,951602270-7,40,90.52
944,961193340-1,36,69.95
945,506935620-8,6,66.55
946,479213245-2,85,96.25
947,437521358-2,95,55.86
948,130782972-4,15,97.64
949,789318050-1,30,17.27
950,523257701-8,16,38.16
951,213741292-6,23,74.34
952,531664041-1,29,89.21
953,956145318-5,41,48.38
954,208769817-1,20,20.29
955,588101783-8,98,52.27
956,506503054-5,40,59.02
957,018749428-2,3,70.08
958,416482488-3,42,43.8
959,516042667-1,76,88.97
960,569759788-6,96,14.9
961,251836438-2,76,64.42
962,216016490-9,56,51.33
963,452961413-1,47,4.72
964,899112303-1,99,77.5
965,915665041-8,24,62.37
966,525069758-5,17,38.94
967,739296264-7,72,97.92
968,479940032-0,65,26.16
969,122428638-3,36,98.65
970,976358845-6,1,35.62
971,554380225-0,61,55.89
972,584227590-2,67,68.12
973,616157274-5,87,52.56
974,026011178-3,3,70.66
975,859909444-0,41,26.92
976,084680763-7,68,22.51
977,443578946-9,70,81.9
978,979140985-4,8,25.81
979,150831347-4,33,37.46
980,633040352-X,47,74.34
981,213818900-7,12,82.78
982,635367747-2,37,70.71
983,913232616-5,58,85.08
984,412421942-3,25,94.56
985,471761547-6,40,66.6
986,674494228-X,62,91.94
987,757598202-7,50,26.01
988,518472250-5,33,11.85
989,775865981-0,13,18.99
990,952960968-X,29,5.46
991,081324852-3,14,39.73
992,902390930-5,63,64.38
993,057789605-9,8,63.38
994,139303318-0,33,99.03
995,885785979-7,25,41.66
996,848298858-1,66,17.34
997,300557164-5,17,90.42
998,571410202-9,4,35.9
999,423248283-0,98,59.94
1000,882851629-1,65,41.81
