row_id,rota_id,date,shift_id,boh_associate_id,num_associates_on_rota
1,rota004,87/83/6127,shf001,914687,4
2,rota004,13/47/4923,shf002,480619,8
3,rota003,50/83/2757,shf001,388953,6
4,rota001,33/49/7097,shf002,698313,5
5,rota001,22/73/5549,shf002,664422,10
6,rota004,75/92/4374,shf002,757933,1
7,rota003,92/15/8890,shf001,344413,5
8,rota002,41/79/4065,shf001,172947,8
9,rota003,98/86/5903,shf001,322279,9
10,rota004,70/48/2404,shf001,335433,9
11,rota004,73/54/5347,shf001,611991,5
12,rota002,30/41/6109,shf002,691444,9
13,rota004,62/23/2406,shf002,408423,8
14,rota002,97/91/6605,shf002,171786,1
15,rota004,18/95/7502,shf001,283273,6
16,rota001,44/97/5119,shf002,697151,8
17,rota002,84/61/6821,shf002,130575,4
18,rota002,36/34/0728,shf001,609868,4
19,rota003,39/61/8423,shf001,562212,8
20,rota003,59/72/5204,shf002,572489,5
21,rota003,32/62/9450,shf002,112194,3
22,rota004,35/57/3639,shf002,447112,10
23,rota004,71/15/1309,shf002,367230,7
24,rota003,73/99/2458,shf001,443299,1
25,rota003,26/34/9988,shf002,797264,1
26,rota004,37/80/3247,shf001,397512,8
27,rota002,67/90/5470,shf001,434629,2
28,rota004,42/60/5994,shf001,556732,2
29,rota002,53/11/9697,shf002,591965,3
30,rota002,43/98/4430,shf001,884443,3
31,rota001,58/72/7454,shf002,489657,4
32,rota001,08/82/7860,shf001,500404,2
33,rota004,41/82/0045,shf001,589308,7
34,rota001,52/19/6019,shf001,144644,1
35,rota004,15/23/1081,shf001,349937,6
36,rota004,03/45/1603,shf002,493450,9
37,rota001,02/25/1287,shf002,921416,4
38,rota001,06/66/7774,shf002,752920,5
39,rota001,76/60/2420,shf001,267884,8
40,rota004,94/63/4783,shf001,696475,6
41,rota001,44/05/0456,shf001,248401,1
42,rota003,09/14/3767,shf001,982031,3
43,rota003,88/28/0195,shf002,292691,4
44,rota003,04/25/3046,shf002,902627,1
45,rota002,60/09/8873,shf002,861566,1
46,rota002,67/19/2388,shf001,909388,1
47,rota003,35/42/6686,shf002,733452,8
48,rota001,45/95/6630,shf002,619711,6
49,rota004,17/73/1372,shf002,244027,6
50,rota002,94/58/2971,shf001,600657,9
51,rota001,00/13/2301,shf001,479073,2
52,rota004,96/05/1290,shf002,801592,5
53,rota002,68/05/5044,shf001,387704,1
54,rota002,54/51/0012,shf001,536338,9
55,rota004,15/97/9670,shf002,808205,6
56,rota003,46/77/3608,shf002,449429,1
57,rota004,83/40/5101,shf001,305376,3
58,rota002,55/90/1702,shf002,649557,2
59,rota004,16/67/7947,shf002,604983,2
60,rota003,43/19/8579,shf001,398835,2
61,rota003,12/58/9575,shf002,713805,4
62,rota003,76/08/0266,shf002,984566,10
63,rota003,55/16/7908,shf001,430584,3
64,rota003,20/27/9970,shf002,215736,3
65,rota004,45/06/9551,shf002,587073,7
66,rota002,70/20/5788,shf002,793963,1
67,rota003,55/77/7898,shf001,900770,2
68,rota001,45/16/5299,shf001,741279,8
69,rota004,17/43/3888,shf001,553259,1
70,rota004,02/25/8064,shf001,243734,1
71,rota003,87/47/7429,shf002,591681,7
72,rota001,49/42/3922,shf002,731658,10
73,rota001,49/02/9376,shf002,937537,3
74,rota004,65/80/4366,shf002,336012,9
75,rota002,70/45/8771,shf001,515257,9
76,rota004,06/73/6560,shf001,175991,6
77,rota001,18/17/9504,shf001,929160,7
78,rota003,10/92/2634,shf002,772228,2
79,rota003,96/87/5199,shf001,307775,1
80,rota004,39/07/4196,shf002,273131,5
81,rota001,61/53/3187,shf001,246322,1
82,rota001,54/07/6542,shf002,226059,9
83,rota003,98/21/6515,shf001,647305,1
84,rota001,92/92/3031,shf002,487073,5
85,rota004,95/16/0085,shf001,613530,6
86,rota002,77/80/3750,shf001,280808,8
87,rota002,19/78/7457,shf002,333809,1
88,rota002,27/43/8567,shf002,974146,1
89,rota002,88/22/3872,shf001,469479,4
90,rota001,83/97/9932,shf001,298681,5
91,rota003,51/75/8352,shf002,826125,3
92,rota004,06/73/5473,shf001,919086,1
93,rota002,50/89/1903,shf002,207864,3
94,rota002,76/92/1044,shf002,204650,5
95,rota002,04/63/5537,shf001,368521,5
96,rota003,84/99/0444,shf002,855611,3
97,rota001,35/42/3869,shf001,784665,2
98,rota001,13/78/8876,shf001,229023,8
99,rota002,12/44/6944,shf002,231484,9
100,rota003,65/58/3740,shf002,974097,1
101,rota004,46/22/9013,shf002,895043,7
102,rota004,60/97/0185,shf002,164670,7
103,rota004,85/97/6173,shf002,834097,1
104,rota002,73/23/9089,shf001,685053,7
105,rota004,26/83/3868,shf001,627586,1
106,rota002,97/07/8131,shf002,345271,1
107,rota004,68/76/3730,shf002,789857,9
108,rota004,71/86/0854,shf002,860189,9
109,rota003,66/71/9985,shf001,330627,10
110,rota002,05/30/5420,shf002,432663,5
111,rota004,56/31/8623,shf002,646599,3
112,rota003,16/17/9605,shf001,662799,2
113,rota003,11/92/7590,shf002,347762,5
114,rota001,84/02/1262,shf002,333776,2
115,rota003,91/06/6939,shf002,832061,6
116,rota004,12/34/5258,shf002,790468,7
117,rota004,71/56/0540,shf001,327899,2
118,rota004,67/98/2501,shf002,281371,3
119,rota002,79/66/2465,shf001,527041,8
120,rota004,19/21/7519,shf001,956055,5
121,rota003,25/24/4940,shf002,377625,7
122,rota002,55/80/1465,shf001,872991,6
123,rota002,26/38/2376,shf002,989692,5
124,rota001,87/73/3250,shf001,850016,9
125,rota003,46/70/4973,shf002,657845,3
126,rota004,55/72/1219,shf001,915826,6
127,rota004,94/63/4052,shf001,367365,10
128,rota001,19/22/1309,shf001,945684,7
129,rota002,65/92/9150,shf002,627512,6
130,rota001,89/87/8997,shf001,356622,6
131,rota004,44/30/7970,shf002,419001,4
132,rota004,81/54/8804,shf001,991247,7
133,rota001,84/11/8708,shf002,569650,6
134,rota003,33/37/9281,shf002,819339,10
135,rota002,76/25/9981,shf001,577805,7
136,rota004,39/46/8844,shf001,853987,9
137,rota002,41/49/7887,shf001,172523,6
138,rota002,23/59/9526,shf002,402061,9
139,rota003,73/98/4628,shf002,763515,3
140,rota003,24/53/8247,shf001,590679,5
141,rota003,68/94/7773,shf002,639320,7
142,rota001,73/77/4977,shf002,283120,5
143,rota004,91/31/7745,shf002,262976,3
144,rota002,30/04/9519,shf001,888240,4
145,rota002,71/85/9143,shf002,716795,10
146,rota003,48/50/1299,shf002,849890,7
147,rota001,47/10/4683,shf001,993564,5
148,rota003,02/78/3338,shf002,866851,1
149,rota002,72/14/5191,shf002,919068,8
150,rota004,99/86/6835,shf001,662242,6
151,rota001,78/86/3259,shf002,603057,7
152,rota002,39/77/7105,shf002,463055,8
153,rota002,03/01/9784,shf002,179525,6
154,rota002,09/78/8759,shf002,263450,7
155,rota002,16/72/9457,shf001,763335,7
156,rota004,25/67/6501,shf002,371693,4
157,rota002,80/56/8067,shf002,995036,1
158,rota004,32/52/4656,shf001,434951,8
159,rota002,98/22/4788,shf002,676920,1
160,rota004,60/88/3658,shf001,945543,3
161,rota003,46/53/0896,shf002,117326,6
162,rota004,18/84/9153,shf001,360545,9
163,rota001,37/53/3311,shf001,908413,9
164,rota004,09/55/8357,shf001,612398,7
165,rota002,49/33/8084,shf002,636831,9
166,rota003,19/01/9340,shf002,264320,9
167,rota002,15/27/1670,shf001,769786,1
168,rota003,42/84/4686,shf002,734074,4
169,rota004,54/35/1953,shf001,962309,1
170,rota001,16/06/4382,shf001,640757,2
171,rota003,20/54/0736,shf001,684832,5
172,rota003,16/41/5422,shf002,618868,1
173,rota004,06/18/6074,shf002,649070,8
174,rota001,94/00/1500,shf001,287766,5
175,rota003,76/24/0626,shf001,610656,2
176,rota004,72/44/3607,shf001,478792,4
177,rota003,83/14/4446,shf001,480729,10
178,rota002,14/03/5380,shf002,144819,7
179,rota001,46/34/8832,shf002,731237,8
180,rota003,46/47/0621,shf001,999545,1
181,rota001,45/43/4658,shf001,555107,9
182,rota003,03/97/9129,shf001,114657,2
183,rota004,65/91/0774,shf002,761485,4
184,rota002,82/35/6755,shf001,809715,2
185,rota001,31/52/7018,shf002,432835,2
186,rota001,98/86/2808,shf001,359816,6
187,rota004,73/71/4200,shf002,235387,4
188,rota004,22/39/7863,shf001,514921,6
189,rota001,29/84/9212,shf001,212722,6
190,rota002,89/69/3663,shf001,444130,5
191,rota003,04/06/5852,shf002,423564,7
192,rota001,20/06/6451,shf001,371766,1
193,rota001,74/94/8586,shf001,932289,9
194,rota004,11/70/5343,shf001,442997,9
195,rota003,10/59/4812,shf001,304003,2
196,rota002,72/19/0882,shf001,642468,6
197,rota002,33/44/2046,shf001,567390,8
198,rota001,67/98/2557,shf002,257786,4
199,rota001,52/34/2466,shf002,686331,6
200,rota004,84/88/2985,shf002,321595,4
201,rota004,55/50/9403,shf002,448833,1
202,rota003,14/32/3039,shf002,252228,4
203,rota004,89/41/2187,shf001,349364,6
204,rota004,27/53/9704,shf001,711570,4
205,rota004,57/30/0371,shf001,882934,6
206,rota001,03/10/7455,shf002,874000,10
207,rota003,56/05/6688,shf001,383670,2
208,rota004,11/00/7025,shf001,826035,4
209,rota004,74/70/5710,shf002,107618,7
210,rota004,11/89/3349,shf001,152502,6
211,rota004,67/65/3262,shf002,425089,5
212,rota002,38/49/7294,shf002,685422,3
213,rota001,25/01/1668,shf001,147689,8
214,rota002,28/68/9628,shf002,947755,7
215,rota002,04/77/1625,shf001,392473,10
216,rota004,00/37/1377,shf001,462466,8
217,rota004,69/40/4997,shf001,665470,4
218,rota004,56/72/4865,shf002,951654,9
219,rota003,74/82/1924,shf001,580479,6
220,rota002,19/02/4994,shf001,746440,7
221,rota004,58/01/1348,shf001,193765,8
222,rota001,46/68/4271,shf001,900699,10
223,rota001,30/63/4780,shf001,760851,1
224,rota001,10/80/9718,shf001,618465,3
225,rota004,22/68/3479,shf001,384383,9
226,rota003,09/80/7445,shf002,612367,5
227,rota002,16/98/6835,shf001,609588,2
228,rota004,46/21/7207,shf001,551624,1
229,rota003,84/13/0432,shf001,632391,3
230,rota002,82/06/5561,shf002,820315,10
231,rota001,99/92/9196,shf001,180931,4
232,rota002,81/81/2838,shf002,626158,5
233,rota003,14/29/8962,shf002,669963,1
234,rota002,68/29/0365,shf001,285594,1
235,rota001,62/32/4902,shf001,165865,10
236,rota004,60/77/9873,shf001,353740,1
237,rota001,18/17/1999,shf001,723265,4
238,rota003,27/95/1784,shf001,226843,1
239,rota001,77/08/7576,shf002,314799,7
240,rota001,94/35/3132,shf002,478808,8
241,rota003,82/11/0555,shf001,126795,9
242,rota003,04/35/9251,shf002,226869,1
243,rota001,28/39/8949,shf001,826455,9
244,rota003,54/28/1114,shf002,953483,8
245,rota002,17/67/5618,shf002,314437,5
246,rota003,42/37/8988,shf002,118947,4
247,rota004,27/23/8465,shf001,450913,5
248,rota003,56/85/9182,shf001,589572,4
249,rota003,66/35/4710,shf002,973518,10
250,rota001,98/41/7563,shf002,834154,9
251,rota003,34/97/1918,shf001,173751,1
252,rota004,34/16/7958,shf001,460483,5
253,rota001,55/34/1243,shf001,152108,10
254,rota003,14/38/4480,shf001,502530,6
255,rota001,80/18/0543,shf001,620792,7
256,rota003,39/15/6690,shf001,759072,9
257,rota001,64/76/5365,shf001,358234,7
258,rota003,09/19/9200,shf002,450975,8
259,rota001,66/57/9259,shf001,383799,10
260,rota003,02/52/1876,shf002,898371,8
261,rota001,97/77/8928,shf001,123241,5
262,rota003,88/15/5127,shf002,209293,6
263,rota002,07/65/3628,shf001,205484,5
264,rota003,79/30/8166,shf001,406070,9
265,rota004,71/59/9656,shf002,848056,6
266,rota003,54/48/8584,shf002,998427,8
267,rota002,84/69/9361,shf001,869189,1
268,rota001,09/36/2040,shf001,640635,2
269,rota002,93/96/5278,shf002,283452,4
270,rota001,67/39/1561,shf001,936820,9
271,rota002,61/34/5106,shf002,603450,8
272,rota002,39/93/6202,shf001,158011,2
273,rota002,83/51/9755,shf001,959094,1
274,rota001,20/52/3647,shf001,950876,8
275,rota002,87/85/9372,shf002,234041,1
276,rota004,29/94/8581,shf001,884377,1
277,rota002,67/64/0521,shf002,353636,8
278,rota004,27/29/1565,shf002,589439,2
279,rota004,32/68/6657,shf001,447678,6
280,rota004,23/56/4113,shf001,683440,8
281,rota004,87/82/5344,shf002,311791,8
282,rota001,50/67/4354,shf001,120079,1
283,rota003,46/98/1825,shf002,419827,7
284,rota004,14/92/8838,shf001,535794,7
285,rota002,26/50/6622,shf002,921412,5
286,rota003,90/22/7217,shf002,641652,6
287,rota004,66/81/3432,shf001,818236,8
288,rota001,02/76/6281,shf001,866178,6
289,rota002,42/95/1546,shf001,583091,3
290,rota001,38/84/5150,shf002,596598,4
291,rota002,83/05/4144,shf002,826335,1
292,rota001,80/41/1749,shf002,883296,1
293,rota001,97/33/2343,shf001,492616,4
294,rota001,31/04/8847,shf001,673880,5
295,rota004,02/78/7535,shf001,528968,9
296,rota003,09/71/2374,shf001,415711,10
297,rota004,08/87/0615,shf002,623000,1
298,rota004,10/39/3042,shf002,425004,6
299,rota003,57/85/2138,shf002,762062,7
300,rota004,60/11/4337,shf002,152450,10
301,rota001,20/73/1402,shf002,433633,8
302,rota004,57/80/8705,shf001,352233,4
303,rota001,32/95/5937,shf002,170713,2
304,rota003,45/39/7598,shf002,386394,1
305,rota002,76/49/4454,shf002,872200,4
306,rota004,68/43/0041,shf002,368292,8
307,rota004,42/19/8492,shf002,763191,6
308,rota001,20/79/9346,shf001,344808,5
309,rota004,19/91/4493,shf001,651537,2
310,rota001,92/81/6280,shf002,172254,2
311,rota003,79/20/0833,shf001,790796,7
312,rota002,49/84/5315,shf001,760151,10
313,rota003,17/97/9821,shf002,947360,10
314,rota004,27/57/1623,shf002,509388,2
315,rota002,72/10/4529,shf002,504842,9
316,rota002,70/13/7206,shf001,260100,8
317,rota002,62/25/3015,shf002,537435,10
318,rota003,93/48/6210,shf002,226442,4
319,rota003,92/54/8822,shf002,801005,10
320,rota002,31/62/3913,shf002,977400,1
321,rota004,67/28/0490,shf002,730052,2
322,rota002,85/81/6930,shf001,204972,6
323,rota001,04/31/2051,shf002,588986,3
324,rota003,58/53/3206,shf002,664088,10
325,rota001,08/56/7903,shf002,541599,6
326,rota004,54/73/7796,shf001,502828,9
327,rota004,37/77/9574,shf002,620657,1
328,rota003,51/70/0451,shf001,315174,8
329,rota004,06/15/2006,shf001,411433,3
330,rota003,54/04/7780,shf002,899372,2
331,rota003,96/84/6324,shf001,308936,10
332,rota001,85/67/1203,shf001,270180,5
333,rota001,19/53/4121,shf001,638870,6
334,rota004,60/06/3553,shf002,211646,8
335,rota004,31/78/6038,shf001,617261,7
336,rota004,60/06/7788,shf002,343233,2
337,rota004,51/14/8985,shf002,566607,7
338,rota002,22/77/6110,shf002,433835,5
339,rota004,87/52/0498,shf001,354770,9
340,rota001,48/59/9333,shf001,473387,2
341,rota004,28/44/1896,shf001,868471,10
342,rota003,72/11/1677,shf002,952090,7
343,rota002,29/89/6247,shf002,747638,3
344,rota003,50/63/8566,shf001,212835,5
345,rota003,96/06/5012,shf001,348734,6
346,rota001,82/88/7885,shf002,731439,2
347,rota001,23/52/0629,shf001,382529,10
348,rota004,63/07/8498,shf002,694968,4
349,rota001,53/79/2174,shf002,135629,6
350,rota002,72/12/2617,shf002,202500,6
351,rota004,38/15/1391,shf001,186666,5
352,rota001,53/96/8573,shf001,496472,4
353,rota004,01/43/7556,shf002,196304,2
354,rota004,39/12/6308,shf002,926198,4
355,rota003,81/62/8485,shf002,971162,9
356,rota003,08/46/7077,shf002,406417,6
357,rota001,25/87/5478,shf001,931208,8
358,rota001,57/63/6267,shf001,649146,8
359,rota002,56/45/0149,shf001,469540,4
360,rota004,22/86/0305,shf002,826664,1
361,rota004,08/42/7039,shf002,933862,3
362,rota003,47/75/1428,shf001,670716,6
363,rota004,20/91/1433,shf002,418594,8
364,rota002,87/23/6499,shf001,458276,6
365,rota001,18/62/9933,shf002,888932,5
366,rota001,34/43/6316,shf001,535321,4
367,rota003,39/02/5658,shf002,769911,8
368,rota001,86/61/6776,shf002,130654,3
369,rota004,22/73/1776,shf001,684661,1
370,rota004,09/82/3511,shf002,173241,2
371,rota004,80/53/6163,shf001,202756,6
372,rota002,32/19/2642,shf001,453371,4
373,rota003,01/52/1858,shf001,683939,10
374,rota002,82/10/3610,shf001,626840,10
375,rota003,82/77/2810,shf001,729836,5
376,rota004,63/74/8050,shf001,629151,6
377,rota001,40/30/6046,shf002,817072,7
378,rota002,67/19/1237,shf002,870542,9
379,rota004,23/50/9646,shf001,341270,10
380,rota002,64/61/2084,shf001,791152,6
381,rota004,99/86/1324,shf001,428733,5
382,rota003,85/37/2634,shf001,136163,1
383,rota003,19/99/8090,shf001,987723,1
384,rota001,12/53/6355,shf002,618617,8
385,rota001,36/38/1549,shf001,285019,8
386,rota004,69/00/1349,shf001,906089,10
387,rota004,81/26/7875,shf001,255214,10
388,rota002,78/62/1357,shf002,200222,5
389,rota004,49/84/8577,shf001,573628,6
390,rota004,86/36/9167,shf001,553584,9
391,rota003,88/86/2361,shf001,681690,6
392,rota003,76/46/5325,shf001,651234,6
393,rota001,54/84/1073,shf001,438350,1
394,rota001,53/56/6028,shf001,639800,6
395,rota004,00/04/0404,shf002,273680,1
396,rota003,85/09/7122,shf001,345835,1
397,rota003,48/65/6335,shf001,812840,7
398,rota001,90/70/9717,shf002,210787,3
399,rota004,47/84/6726,shf002,617409,7
400,rota003,91/64/1928,shf001,354137,7
401,rota001,82/96/7887,shf001,622574,3
402,rota002,75/40/3689,shf002,656778,1
403,rota001,56/71/9784,shf002,419983,2
404,rota001,52/32/6464,shf002,389905,7
405,rota002,25/43/5224,shf001,151767,2
406,rota004,40/76/8298,shf001,865586,1
407,rota003,02/49/4334,shf001,656708,10
408,rota002,46/22/9269,shf002,820466,2
409,rota003,84/59/3572,shf001,857236,2
410,rota001,42/21/7258,shf001,797483,5
411,rota002,46/15/3345,shf001,248049,8
412,rota003,07/32/0836,shf001,883676,8
413,rota001,80/34/4940,shf002,544302,2
414,rota003,51/62/9156,shf001,265762,3
415,rota002,36/77/0512,shf002,998564,1
416,rota003,17/44/2125,shf002,403981,3
417,rota003,53/60/2440,shf001,764972,4
418,rota001,30/70/8391,shf002,914795,5
419,rota003,23/11/1474,shf002,108321,8
420,rota002,71/08/3213,shf001,680546,3
421,rota003,62/44/2985,shf001,328913,8
422,rota003,17/67/3710,shf001,531633,6
423,rota002,77/63/7375,shf001,246112,2
424,rota003,45/74/2165,shf001,142169,2
425,rota001,73/63/7028,shf002,704954,7
426,rota004,89/44/4728,shf001,806143,6
427,rota004,37/11/6051,shf002,553185,10
428,rota004,19/58/7063,shf002,878589,7
429,rota003,34/87/0688,shf001,360633,10
430,rota004,59/57/7608,shf001,377404,5
431,rota001,05/47/7507,shf002,641325,4
432,rota002,80/21/5724,shf001,183113,8
433,rota004,59/56/1794,shf002,922014,5
434,rota002,64/60/6175,shf001,602922,3
435,rota002,52/00/3987,shf001,324841,4
436,rota002,24/61/5429,shf001,429075,3
437,rota001,12/20/8616,shf001,523706,3
438,rota004,49/63/1791,shf001,550975,2
439,rota003,29/81/9211,shf001,443057,5
440,rota001,52/40/9782,shf002,475307,5
441,rota002,52/43/3297,shf002,725331,7
442,rota002,34/31/8290,shf001,647142,7
443,rota002,84/01/2525,shf002,724800,10
444,rota004,41/63/1256,shf001,430612,1
445,rota002,11/02/2570,shf002,119216,2
446,rota004,86/77/5848,shf002,415746,1
447,rota002,51/72/8122,shf001,911988,6
448,rota002,36/02/3125,shf002,507922,10
449,rota002,24/70/6942,shf002,712821,5
450,rota004,22/31/0133,shf002,586792,10
451,rota002,10/72/5637,shf001,646643,1
452,rota001,58/28/2664,shf002,187812,3
453,rota002,96/62/2120,shf002,242954,5
454,rota001,17/68/1989,shf001,903842,2
455,rota003,63/72/6896,shf002,966216,4
456,rota002,80/65/4648,shf001,394623,6
457,rota001,21/01/9434,shf002,848962,2
458,rota001,26/11/4841,shf002,278522,6
459,rota001,84/14/3753,shf001,891898,1
460,rota001,95/72/8955,shf002,581283,8
461,rota002,60/49/7659,shf001,892824,2
462,rota001,45/47/2812,shf002,301908,2
463,rota001,20/70/8069,shf001,274151,4
464,rota003,62/25/5527,shf001,424233,9
465,rota001,58/27/6055,shf002,537934,2
466,rota002,61/26/7364,shf001,548099,8
467,rota004,08/76/0367,shf001,524456,2
468,rota001,39/15/4764,shf002,757049,1
469,rota001,87/52/1036,shf002,364756,10
470,rota002,52/81/3868,shf002,197595,3
471,rota001,50/16/8312,shf001,738895,9
472,rota002,49/95/1557,shf002,983755,3
473,rota002,29/29/2784,shf001,619347,5
474,rota002,37/95/5838,shf002,422561,10
475,rota002,25/82/3290,shf001,314083,4
476,rota002,53/90/6512,shf001,902567,1
477,rota003,78/41/4918,shf001,242532,5
478,rota004,28/59/3291,shf001,429294,2
479,rota001,75/65/4463,shf002,239690,10
480,rota003,88/02/4315,shf001,904599,8
481,rota002,37/02/3432,shf001,233775,6
482,rota003,51/80/6729,shf001,356801,10
483,rota001,16/00/8909,shf002,806094,8
484,rota001,41/46/8994,shf002,188119,5
485,rota004,30/72/7244,shf002,141206,9
486,rota004,60/84/8258,shf001,633014,1
487,rota001,96/81/9129,shf001,881631,8
488,rota001,08/33/5075,shf002,372135,3
489,rota001,54/74/6150,shf002,403687,3
490,rota001,47/91/9128,shf002,364923,4
491,rota004,01/00/5821,shf001,825242,8
492,rota004,31/02/6562,shf002,443813,4
493,rota003,96/94/3004,shf001,723454,1
494,rota001,31/59/9341,shf001,700122,6
495,rota001,20/44/0613,shf001,293720,5
496,rota001,41/62/9059,shf002,628811,9
497,rota003,75/67/3458,shf002,588247,5
498,rota001,02/47/8013,shf001,381401,4
499,rota004,89/02/5314,shf001,404522,7
500,rota002,46/06/8353,shf002,661669,3
501,rota004,90/86/0933,shf001,369065,10
502,rota002,22/43/9026,shf001,109097,8
503,rota004,86/73/1013,shf001,871391,3
504,rota001,96/09/9494,shf001,962273,9
505,rota004,21/08/0174,shf001,287438,1
506,rota001,33/47/7279,shf001,438384,2
507,rota004,94/60/5337,shf002,698422,8
508,rota001,62/43/5150,shf001,585474,5
509,rota001,73/85/3285,shf001,628153,9
510,rota003,62/10/5168,shf002,884532,4
511,rota003,10/56/3134,shf002,934158,4
512,rota002,21/40/0363,shf002,816937,8
513,rota003,67/44/1484,shf002,115990,9
514,rota002,04/66/7239,shf001,267256,9
515,rota002,20/85/4844,shf001,359952,1
516,rota003,42/50/1227,shf001,344194,6
517,rota002,36/36/2320,shf001,821467,1
518,rota004,72/33/4420,shf001,615150,9
519,rota001,20/87/5096,shf002,960443,5
520,rota002,95/69/6025,shf001,455349,1
521,rota001,86/35/0437,shf001,247237,9
522,rota004,07/00/4718,shf002,361372,9
523,rota001,08/99/2644,shf002,831773,1
524,rota003,49/97/0875,shf001,181808,4
525,rota002,50/54/5416,shf001,947593,5
526,rota002,58/92/1229,shf001,347456,4
527,rota004,61/20/9810,shf002,909317,2
528,rota004,57/58/7354,shf002,698911,5
529,rota002,33/45/2152,shf001,662382,8
530,rota002,01/84/9821,shf001,461509,9
531,rota004,93/91/9305,shf002,632020,3
532,rota001,15/35/2327,shf001,743577,4
533,rota004,40/98/3064,shf001,509630,9
534,rota003,87/75/6619,shf001,887763,2
535,rota004,06/57/1334,shf001,655649,8
536,rota002,64/84/7620,shf002,664925,8
537,rota001,73/04/1683,shf002,576630,6
538,rota003,45/75/7312,shf002,282560,4
539,rota001,26/75/7128,shf001,586344,6
540,rota004,36/35/3817,shf002,577395,10
541,rota002,43/10/9608,shf001,213064,4
542,rota002,96/81/6777,shf002,977622,7
543,rota002,20/81/3211,shf001,826873,6
544,rota001,60/10/1194,shf001,443302,9
545,rota001,34/23/4764,shf001,521875,9
546,rota004,20/38/9460,shf001,556904,10
547,rota001,42/25/3767,shf002,582657,2
548,rota004,77/73/6301,shf001,667932,1
549,rota001,89/58/4569,shf002,935569,4
550,rota002,15/55/7912,shf002,732516,10
551,rota001,19/69/8473,shf001,897450,6
552,rota001,80/61/4168,shf002,958307,7
553,rota003,14/57/8661,shf001,475401,5
554,rota002,43/11/4203,shf002,516141,10
555,rota004,70/63/2272,shf002,554479,6
556,rota003,73/45/4896,shf002,795716,1
557,rota001,70/90/2205,shf002,816850,8
558,rota003,84/41/1075,shf002,233034,10
559,rota001,10/12/1633,shf001,663616,7
560,rota003,61/95/0812,shf002,139645,4
561,rota002,73/23/9794,shf001,515199,8
562,rota003,10/80/9447,shf001,269855,2
563,rota004,81/27/6015,shf002,650050,2
564,rota002,99/00/1813,shf002,717037,9
565,rota004,01/19/0206,shf002,576449,7
566,rota003,21/91/1964,shf002,655241,7
567,rota001,67/28/8318,shf002,306268,4
568,rota004,64/88/4210,shf002,706808,6
569,rota001,67/06/3270,shf002,409945,10
570,rota004,40/63/8941,shf002,281724,3
571,rota002,26/50/2537,shf002,558302,9
572,rota003,62/25/6771,shf001,737893,3
573,rota003,43/06/9711,shf001,366938,5
574,rota004,17/72/8328,shf001,602967,1
575,rota003,17/61/9212,shf002,122267,6
576,rota004,46/49/2673,shf001,740007,4
577,rota003,26/33/0929,shf001,278040,2
578,rota003,16/18/3073,shf002,575272,4
579,rota003,08/91/5368,shf001,907881,4
580,rota004,64/15/5362,shf002,417367,3
581,rota004,10/36/4878,shf001,532871,2
582,rota002,49/50/7427,shf002,674811,3
583,rota004,37/55/4813,shf001,392757,4
584,rota001,90/11/4339,shf001,197418,5
585,rota002,33/60/1329,shf002,389065,7
586,rota002,70/95/6909,shf001,314144,8
587,rota004,72/25/5560,shf001,547646,8
588,rota004,81/23/6196,shf002,916590,10
589,rota002,83/80/2212,shf001,564563,9
590,rota004,42/00/9968,shf001,330060,5
591,rota004,02/38/9028,shf002,706875,9
592,rota002,76/82/0207,shf001,517367,4
593,rota004,04/21/3424,shf001,281480,7
594,rota001,61/38/1520,shf002,179271,4
595,rota001,57/52/2586,shf002,130501,8
596,rota003,13/08/1396,shf002,976422,3
597,rota002,34/61/6890,shf002,948809,6
598,rota002,76/21/1338,shf002,221379,1
599,rota004,24/89/5300,shf002,728379,9
600,rota002,66/24/9018,shf001,309777,6
601,rota002,60/74/1656,shf001,516104,5
602,rota001,05/16/2101,shf001,603424,2
603,rota004,67/77/2812,shf001,719677,5
604,rota004,70/41/6170,shf002,923748,4
605,rota004,96/65/9965,shf001,714480,5
606,rota003,08/29/9315,shf001,852305,3
607,rota003,57/08/1549,shf002,290628,1
608,rota002,67/25/1880,shf002,702133,5
609,rota001,43/78/1553,shf002,882401,10
610,rota001,04/62/4317,shf002,658571,1
611,rota002,20/40/2279,shf002,697754,1
612,rota003,94/93/4574,shf001,593544,1
613,rota004,13/28/5214,shf001,862791,3
614,rota002,64/30/6737,shf002,230310,6
615,rota004,20/13/9718,shf002,259221,10
616,rota002,63/50/9926,shf001,991391,7
617,rota002,94/89/9060,shf001,538485,7
618,rota004,95/05/4794,shf002,333442,9
619,rota002,57/36/5764,shf002,564883,7
620,rota001,73/36/3385,shf002,457929,7
621,rota001,30/34/6978,shf002,158237,6
622,rota002,22/23/5220,shf001,601175,5
623,rota003,10/82/1689,shf001,951166,10
624,rota001,76/38/0340,shf002,437575,8
625,rota004,59/58/9678,shf001,569838,10
626,rota001,98/88/7452,shf001,995316,8
627,rota003,20/27/1222,shf001,570993,9
628,rota002,60/16/4472,shf001,580338,4
629,rota003,79/55/0885,shf001,605593,4
630,rota001,92/34/5693,shf001,388228,8
631,rota001,93/36/6232,shf002,493531,2
632,rota002,22/86/7415,shf001,136345,3
633,rota002,09/54/1098,shf002,844006,3
634,rota003,62/80/1337,shf001,553767,1
635,rota004,63/56/7001,shf001,551594,4
636,rota003,75/85/3471,shf001,628719,5
637,rota002,77/31/0293,shf001,582570,4
638,rota001,67/33/4413,shf002,984678,2
639,rota001,09/42/6226,shf002,512326,5
640,rota004,90/56/2127,shf001,204111,7
641,rota004,55/37/9157,shf002,654405,8
642,rota002,08/29/0088,shf002,547350,6
643,rota003,97/20/4419,shf002,299164,7
644,rota001,59/74/0387,shf002,473296,9
645,rota003,00/62/3115,shf002,473914,6
646,rota004,92/16/6311,shf002,191698,10
647,rota002,58/33/2568,shf001,442058,9
648,rota003,49/46/1249,shf001,702873,5
649,rota004,86/66/2148,shf001,762896,10
650,rota001,53/24/3838,shf002,204730,9
651,rota001,09/22/5903,shf002,676336,8
652,rota002,80/33/8316,shf002,767995,4
653,rota004,03/00/9473,shf002,505905,4
654,rota003,86/56/4348,shf002,341173,6
655,rota003,50/51/7895,shf001,990486,5
656,rota001,27/39/4358,shf002,231965,7
657,rota001,65/74/2633,shf001,388098,9
658,rota002,69/48/0913,shf001,233704,6
659,rota001,39/17/1957,shf001,938177,6
660,rota003,52/82/8352,shf002,769757,2
661,rota004,51/46/1660,shf002,255774,10
662,rota002,99/73/9057,shf001,809851,4
663,rota003,83/27/0856,shf002,725897,1
664,rota003,46/74/3960,shf001,438837,4
665,rota004,04/85/0610,shf001,852467,2
666,rota002,72/86/9023,shf002,618597,6
667,rota003,14/69/6185,shf001,516509,3
668,rota001,32/19/6353,shf001,399813,10
669,rota001,25/33/1876,shf002,192501,1
670,rota001,84/23/1066,shf002,659698,10
671,rota004,42/30/4116,shf001,334186,7
672,rota001,14/77/9120,shf001,989980,9
673,rota004,48/14/6086,shf001,456459,7
674,rota003,08/76/2759,shf002,130291,6
675,rota004,11/68/3067,shf001,792117,10
676,rota003,43/38/4398,shf002,823887,6
677,rota004,71/98/2047,shf001,233886,10
678,rota004,06/53/8979,shf001,660277,10
679,rota002,56/45/0638,shf001,376773,4
680,rota002,05/17/2463,shf001,510149,8
681,rota003,99/52/5275,shf002,262166,8
682,rota004,11/33/1245,shf001,186189,2
683,rota004,78/90/5454,shf002,493681,6
684,rota003,00/10/2132,shf001,634784,6
685,rota001,97/46/1197,shf001,766089,6
686,rota002,65/36/6850,shf002,721437,1
687,rota004,55/60/2193,shf002,592889,7
688,rota002,20/25/6352,shf001,959283,4
689,rota002,17/07/2446,shf002,330846,7
690,rota001,82/64/7020,shf001,150193,9
691,rota001,12/95/1430,shf001,887686,9
692,rota001,82/29/2362,shf001,679481,4
693,rota003,18/39/6033,shf002,743226,7
694,rota004,68/99/0332,shf002,473308,6
695,rota004,33/58/5319,shf001,479439,2
696,rota002,33/00/7801,shf001,870913,10
697,rota002,26/84/5489,shf002,970276,10
698,rota003,36/63/3739,shf001,390292,3
699,rota001,18/45/9303,shf002,713505,6
700,rota003,81/78/8350,shf002,774650,7
701,rota003,00/19/3876,shf002,712188,2
702,rota001,68/34/9397,shf002,649944,7
703,rota001,28/81/5922,shf001,600977,5
704,rota001,56/65/6091,shf002,926713,1
705,rota003,22/11/0138,shf002,676606,4
706,rota001,62/19/8433,shf001,790730,6
707,rota002,56/66/9920,shf002,986312,9
708,rota002,27/49/6631,shf002,277557,10
709,rota002,09/38/2662,shf001,589817,4
710,rota001,15/31/5127,shf002,689301,1
711,rota003,01/44/1056,shf002,159946,5
712,rota003,47/90/4252,shf002,416535,10
713,rota002,73/45/8217,shf001,483664,7
714,rota003,16/07/6763,shf002,126312,6
715,rota003,93/94/2857,shf001,884680,1
716,rota004,94/63/8109,shf002,393634,1
717,rota002,81/72/8343,shf001,409413,1
718,rota002,17/13/5305,shf001,349527,1
719,rota004,55/60/5528,shf001,120380,6
720,rota003,65/43/5943,shf002,832637,1
721,rota002,25/11/5170,shf001,682983,7
722,rota004,43/84/2499,shf001,924403,10
723,rota003,77/77/9259,shf002,819691,5
724,rota004,52/38/0810,shf001,704926,6
725,rota004,09/96/8064,shf002,631750,4
726,rota004,05/08/5779,shf002,899001,2
727,rota001,34/78/1047,shf002,569725,10
728,rota004,49/45/0548,shf002,218212,5
729,rota001,95/47/6639,shf002,440478,8
730,rota004,96/42/9294,shf002,852784,1
731,rota001,17/73/7452,shf001,961943,3
732,rota004,47/05/8810,shf001,868129,4
733,rota001,68/56/3689,shf001,467973,1
734,rota003,03/23/3300,shf001,505723,6
735,rota001,21/37/0483,shf002,239412,4
736,rota003,61/78/4219,shf001,943922,1
737,rota002,45/71/0446,shf001,765829,9
738,rota004,65/48/1313,shf002,834672,9
739,rota002,12/23/7395,shf001,539820,3
740,rota004,12/52/7437,shf002,431410,10
741,rota004,92/53/1147,shf002,304668,7
742,rota002,61/35/4292,shf002,560255,7
743,rota003,62/13/9021,shf001,454813,10
744,rota002,74/90/2339,shf001,790329,9
745,rota003,04/12/5940,shf001,923632,5
746,rota003,28/69/0904,shf001,752939,4
747,rota001,29/44/9594,shf002,151831,6
748,rota002,57/90/7080,shf002,828195,6
749,rota001,81/79/1894,shf002,561202,2
750,rota004,83/08/1718,shf001,432125,10
751,rota003,17/89/5956,shf001,324452,4
752,rota001,58/72/1550,shf001,458717,3
753,rota002,88/90/9185,shf002,818967,5
754,rota002,89/34/1791,shf002,378108,5
755,rota002,85/48/1764,shf002,190529,9
756,rota001,98/40/2651,shf001,255477,8
757,rota002,34/99/5840,shf001,967918,8
758,rota004,43/51/4774,shf001,844705,8
759,rota001,68/84/0655,shf002,250488,4
760,rota001,28/03/4565,shf001,949676,9
761,rota004,00/15/0419,shf001,754213,7
762,rota002,09/16/9299,shf002,973427,1
763,rota004,15/32/3995,shf001,982650,1
764,rota001,04/24/3541,shf002,694205,10
765,rota002,99/00/1714,shf002,584264,6
766,rota003,69/31/0534,shf001,832993,2
767,rota001,29/48/5760,shf002,398451,10
768,rota001,66/38/2842,shf002,106501,7
769,rota002,71/14/3549,shf001,146881,8
770,rota001,56/88/3913,shf001,670728,5
771,rota001,57/21/3940,shf001,642658,6
772,rota004,85/85/1627,shf001,866515,5
773,rota004,61/62/4990,shf002,358895,3
774,rota001,13/92/6181,shf001,572448,10
775,rota001,74/14/0313,shf002,268447,10
776,rota001,92/77/1700,shf002,119090,5
777,rota004,25/11/1074,shf002,185750,5
778,rota003,86/08/1339,shf002,789115,3
779,rota001,15/66/2664,shf001,703001,1
780,rota002,27/67/5738,shf001,847800,1
781,rota001,80/81/4038,shf001,857906,7
782,rota002,09/94/7917,shf001,221657,5
783,rota002,46/10/9763,shf002,455130,5
784,rota003,76/10/8334,shf001,729751,6
785,rota004,36/04/2406,shf001,156687,8
786,rota003,12/89/6600,shf001,411038,10
787,rota002,04/95/7529,shf002,834224,3
788,rota002,23/60/1376,shf002,972686,7
789,rota004,54/09/0616,shf002,765967,1
790,rota003,52/01/9574,shf001,114715,7
791,rota004,15/43/6926,shf001,451068,6
792,rota001,92/51/5684,shf002,675799,10
793,rota001,68/47/2282,shf002,878714,8
794,rota002,60/50/1920,shf001,350936,10
795,rota003,59/91/9642,shf002,343075,4
796,rota004,11/56/7808,shf001,113424,5
797,rota004,04/64/1900,shf002,152195,5
798,rota004,19/70/7265,shf001,826705,2
799,rota003,72/22/3682,shf002,268608,10
800,rota002,45/33/6073,shf002,825085,4
801,rota002,35/91/6334,shf001,195902,2
802,rota002,90/28/3951,shf001,447629,8
803,rota002,12/91/8969,shf002,703711,8
804,rota004,55/12/9189,shf002,435075,4
805,rota001,00/59/6923,shf002,256831,1
806,rota004,07/52/6647,shf002,599437,2
807,rota002,11/92/8676,shf002,969234,5
808,rota001,98/18/0834,shf001,175862,5
809,rota003,96/43/1231,shf001,547891,9
810,rota002,07/33/7172,shf002,955387,7
811,rota003,09/39/4355,shf001,178880,9
812,rota003,97/74/8219,shf002,642600,2
813,rota003,58/30/7734,shf002,515603,4
814,rota003,20/85/1586,shf001,789962,3
815,rota003,83/69/8064,shf001,385537,1
816,rota003,29/86/5877,shf002,977172,9
817,rota003,16/91/5996,shf002,431768,1
818,rota002,06/17/6319,shf001,372344,9
819,rota002,11/50/3494,shf002,107648,3
820,rota003,99/64/9496,shf002,897889,7
821,rota003,50/48/5042,shf001,846508,3
822,rota001,33/73/5883,shf001,175145,5
823,rota002,91/87/1962,shf002,448022,1
824,rota004,57/75/0825,shf001,494448,2
825,rota001,80/86/9514,shf001,793960,10
826,rota002,58/59/5289,shf001,919105,7
827,rota002,10/39/0726,shf002,289236,7
828,rota001,09/07/3990,shf002,781988,2
829,rota001,35/95/8243,shf002,254970,5
830,rota004,62/15/5970,shf001,564937,2
831,rota001,03/77/6231,shf002,636832,6
832,rota001,37/18/8993,shf002,936436,4
833,rota003,53/70/9129,shf001,556947,10
834,rota001,55/86/3017,shf001,821557,3
835,rota003,37/26/0163,shf001,545749,7
836,rota003,01/35/1310,shf001,704412,6
837,rota003,76/90/9566,shf001,678592,6
838,rota002,82/18/8550,shf002,935985,4
839,rota002,60/44/2513,shf002,746931,10
840,rota001,69/22/2826,shf001,467959,4
841,rota001,01/91/3492,shf001,605749,5
842,rota003,54/87/1887,shf001,138533,2
843,rota002,36/82/3808,shf001,114659,1
844,rota003,58/40/4093,shf001,372104,4
845,rota003,64/22/8382,shf002,952816,5
846,rota001,52/94/6003,shf001,483290,8
847,rota002,54/04/9792,shf002,874297,4
848,rota002,05/51/8618,shf002,864655,1
849,rota002,91/77/4159,shf001,638489,2
850,rota001,91/87/0399,shf002,773666,7
851,rota004,74/78/8303,shf002,569468,10
852,rota001,00/88/3719,shf001,226710,4
853,rota001,12/32/5197,shf001,516969,2
854,rota002,65/20/4135,shf002,349183,10
855,rota001,97/30/5259,shf001,137252,10
856,rota002,38/73/4042,shf001,648389,1
857,rota004,71/98/5223,shf002,364235,6
858,rota004,02/37/9197,shf002,784493,3
859,rota003,83/13/4890,shf001,742458,6
860,rota002,88/03/4801,shf002,792067,2
861,rota001,86/31/6405,shf002,194813,7
862,rota002,65/80/3620,shf001,752130,4
863,rota002,56/88/4553,shf001,343047,7
864,rota001,84/25/3107,shf002,438447,5
865,rota003,89/14/2336,shf001,359683,4
866,rota003,61/17/3798,shf001,100177,1
867,rota003,12/13/9866,shf001,974801,8
868,rota003,04/28/7575,shf001,959137,4
869,rota002,38/13/8327,shf002,899944,4
870,rota002,05/83/3083,shf002,343544,8
871,rota004,32/72/0789,shf001,186747,9
872,rota003,17/67/0671,shf001,250543,10
873,rota001,06/29/6482,shf001,524528,3
874,rota002,36/37/6574,shf002,138637,8
875,rota001,05/51/7495,shf001,279863,6
876,rota004,03/05/8377,shf001,116472,10
877,rota004,61/17/2196,shf002,958532,1
878,rota004,55/66/2549,shf002,789373,6
879,rota001,46/01/0107,shf002,227037,2
880,rota001,16/86/9646,shf001,333247,10
881,rota004,42/21/9763,shf001,105287,6
882,rota002,26/24/9578,shf002,689142,1
883,rota001,05/04/8971,shf002,998527,2
884,rota004,02/20/7026,shf002,385683,5
885,rota001,36/89/1507,shf001,392407,5
886,rota002,11/61/8439,shf001,729889,4
887,rota003,71/58/3534,shf002,926358,10
888,rota001,17/83/8574,shf002,822658,5
889,rota003,87/47/0226,shf002,843241,4
890,rota002,96/28/5484,shf002,662284,6
891,rota001,19/60/6849,shf001,555459,5
892,rota004,67/82/0092,shf001,357533,9
893,rota004,30/72/6189,shf001,122752,7
894,rota004,97/01/3476,shf001,782786,4
895,rota004,81/23/4750,shf002,610627,4
896,rota004,00/75/4426,shf002,993729,4
897,rota002,44/68/7828,shf001,681729,1
898,rota001,77/22/7978,shf001,906086,3
899,rota003,70/52/0610,shf001,830115,7
900,rota003,40/10/4238,shf001,709447,1
901,rota002,07/55/5481,shf001,402225,3
902,rota004,48/21/6647,shf002,652630,8
903,rota004,18/48/2353,shf002,960903,1
904,rota004,99/88/7723,shf001,225824,8
905,rota003,29/38/9784,shf002,145974,8
906,rota003,65/63/9181,shf001,811613,8
907,rota002,17/30/9352,shf001,128727,2
908,rota003,78/03/9601,shf002,714103,4
909,rota002,38/31/2957,shf002,102182,3
910,rota004,69/54/4332,shf002,744425,2
911,rota001,41/83/9498,shf002,424466,3
912,rota001,00/24/5146,shf001,482318,4
913,rota003,99/15/7531,shf001,355211,2
914,rota003,86/94/8529,shf001,317009,4
915,rota003,92/35/3809,shf002,336528,8
916,rota001,83/81/2156,shf001,501805,7
917,rota001,55/15/4969,shf002,219743,8
918,rota004,48/22/9928,shf001,359614,1
919,rota002,72/62/9121,shf002,251478,5
920,rota003,52/53/3364,shf002,659613,9
921,rota004,60/18/9996,shf001,103198,7
922,rota003,66/87/1637,shf002,941508,4
923,rota001,73/35/0827,shf002,467745,1
924,rota003,83/11/3017,shf002,698361,10
925,rota001,98/76/3222,shf001,563445,5
926,rota003,82/18/4570,shf001,862607,10
927,rota001,64/88/4374,shf002,421423,4
928,rota003,43/31/2214,shf001,840274,7
929,rota002,12/48/1045,shf001,546301,10
930,rota002,46/46/9155,shf002,911635,7
931,rota002,43/05/3051,shf001,580121,8
932,rota002,72/26/8783,shf002,777294,1
933,rota004,82/53/3522,shf002,457590,6
934,rota004,84/61/5911,shf001,358680,6
935,rota004,29/18/4575,shf001,574918,5
936,rota004,35/58/0024,shf001,697505,6
937,rota003,31/47/4756,shf002,438509,10
938,rota002,16/25/3301,shf001,458369,3
939,rota004,37/58/9581,shf002,865671,8
940,rota004,16/97/6199,shf002,303049,2
941,rota001,04/85/0942,shf001,466105,1
942,rota004,17/94/6271,shf001,746237,8
943,rota003,26/25/9714,shf002,543325,10
944,rota002,65/43/9199,shf002,573002,1
945,rota004,74/54/2669,shf001,624178,4
946,rota003,79/19/6694,shf001,550711,3
947,rota001,72/51/4829,shf001,416480,6
948,rota001,46/39/4754,shf002,688555,3
949,rota004,30/95/0055,shf002,548068,10
950,rota003,43/50/7656,shf002,251493,9
951,rota004,66/42/5512,shf002,762449,6
952,rota002,72/94/9127,shf001,153565,9
953,rota003,48/46/4067,shf001,431514,4
954,rota004,24/12/4567,shf002,842573,7
955,rota001,82/72/9634,shf001,253470,8
956,rota002,57/95/2468,shf001,323138,5
957,rota003,76/24/2471,shf002,285938,10
958,rota002,81/01/1773,shf002,531757,6
959,rota004,63/95/1982,shf002,439076,10
960,rota001,45/79/0808,shf002,918478,8
961,rota001,42/00/9685,shf002,965995,6
962,rota003,23/11/1733,shf002,746724,7
963,rota001,32/97/4450,shf001,350536,10
964,rota004,95/48/1890,shf001,544150,10
965,rota002,96/94/7504,shf001,258296,7
966,rota004,01/08/3892,shf002,882312,2
967,rota003,23/78/7756,shf001,102617,2
968,rota001,20/32/5180,shf002,502289,4
969,rota001,01/40/7020,shf002,414644,6
970,rota004,55/63/7328,shf001,328359,3
971,rota002,20/81/2439,shf002,368465,8
972,rota001,87/99/1118,shf001,599397,10
973,rota003,60/04/9115,shf001,341932,9
974,rota004,38/63/8032,shf002,685860,5
975,rota003,76/27/7949,shf002,703773,2
976,rota003,46/88/1353,shf002,841523,2
977,rota001,83/38/7278,shf002,902760,7
978,rota003,42/20/5873,shf002,180851,4
979,rota001,32/97/0268,shf001,637804,10
980,rota001,07/70/5351,shf002,359383,5
981,rota001,67/65/5938,shf001,106558,5
982,rota003,59/15/6779,shf002,932786,2
983,rota003,02/59/1879,shf001,806513,6
984,rota004,93/49/5353,shf001,640484,1
985,rota004,59/07/8411,shf002,481065,10
986,rota001,95/36/1618,shf001,289737,8
987,rota002,53/74/4066,shf002,142991,4
988,rota004,90/83/9147,shf002,738457,4
989,rota002,05/11/5261,shf001,581168,5
990,rota003,61/22/2738,shf001,156562,5
991,rota004,39/16/1140,shf002,131348,9
992,rota002,39/25/5482,shf002,722693,2
993,rota001,57/06/7852,shf002,234168,5
994,rota003,45/46/4062,shf002,991950,8
995,rota004,91/58/7558,shf002,474280,10
996,rota001,01/52/2715,shf001,665057,3
997,rota002,84/56/2989,shf001,201927,2
998,rota002,89/10/3775,shf001,211096,2
999,rota002,25/73/7747,shf001,541157,4
1000,rota003,28/89/6820,shf002,822875,3
